Date,Price,CVol,Change,% Change,% Return,Total Return (Gross),Cumulative Return %,Open,High,Low,Cumulative Change %
04/13/26,76.41,12656772,-1.06,-1.37,-1.37,88.69,67.05,77.32,77.45,75.83,43.93
04/10/26,77.47,11081410,-0.71,-0.91,-0.91,89.92,69.37,77.98,78.17,77.31,45.92
04/09/26,78.18,14310990,0.89,1.15,1.15,90.74,70.92,76.65,78.29,76.37,47.26
04/08/26,77.29,12331300,1.38,1.82,1.82,89.71,68.98,75.81,77.37,75.32,45.58
04/07/26,75.91,12769170,-1.31,-1.70,-1.70,88.11,65.96,77.20,77.60,75.63,42.98
04/06/26,77.22,8259893,0.50,0.65,0.65,89.63,68.82,76.64,77.28,76.22,45.45
04/02/26,76.72,14573420,0.64,0.84,0.84,89.05,67.73,76.58,76.96,76.12,44.51
04/01/26,76.08,15834260,0.03,0.04,0.04,88.31,66.33,76.15,76.36,75.26,43.30
03/31/26,76.05,18301810,-0.22,-0.29,-0.29,88.27,66.27,76.53,77.02,75.51,43.25
03/30/26,76.27,18502820,0.56,0.74,0.74,88.53,66.75,75.93,77.00,75.72,43.66
03/27/26,75.71,17461030,1.02,1.37,1.37,87.88,65.52,74.82,76.05,74.70,42.61
03/26/26,74.69,11202130,-0.56,-0.74,-0.74,86.69,63.29,75.19,75.75,74.65,40.69
03/25/26,75.25,14787910,0.58,0.78,0.78,87.34,64.52,74.59,75.65,74.07,41.74
03/24/26,74.67,15653730,-0.44,-0.59,-0.59,86.67,63.25,74.86,75.69,74.63,40.65
03/23/26,75.11,15054920,0.36,0.48,0.48,87.18,64.21,75.34,75.45,74.55,41.48
03/20/26,74.75,33298720,-0.80,-1.06,-1.06,86.76,63.42,75.57,76.05,74.39,40.80
03/19/26,75.55,13023340,-0.42,-0.55,-0.55,87.69,65.17,76.00,76.45,75.53,42.31
03/18/26,75.97,13134640,-1.61,-2.08,-2.08,88.18,66.09,77.08,77.13,75.85,43.10
03/17/26,77.58,14900070,-0.24,-0.31,-0.31,90.05,69.61,78.00,78.30,77.45,46.13
03/16/26,77.82,11761240,0.48,0.62,0.62,90.33,70.14,78.00,78.43,77.74,46.58
03/13/26,77.34,11974500,-0.27,-0.35,0.34,89.77,69.09,77.47,78.05,77.19,45.68
03/12/26,77.61,16842180,-0.02,-0.03,-0.03,89.47,68.52,77.42,78.16,76.90,46.19
03/11/26,77.63,11551200,-0.25,-0.32,-0.32,89.49,68.57,77.71,77.71,76.60,46.22
03/10/26,77.88,17243870,0.08,0.10,0.10,89.78,69.11,77.48,78.41,77.10,46.69
03/09/26,77.80,18554050,0.76,0.99,0.99,89.69,68.93,76.62,78.07,76.53,46.54
03/06/26,77.04,15516030,0.01,0.01,0.01,88.81,67.28,76.80,77.19,76.35,45.11
03/05/26,77.03,23165650,-1.07,-1.37,-1.37,88.80,67.26,77.68,77.72,76.50,45.09
03/04/26,78.10,21011850,-1.24,-1.56,-1.56,90.03,69.59,79.29,79.47,77.75,47.11
03/03/26,79.34,20549270,-0.88,-1.10,-1.10,91.46,72.28,79.86,80.08,78.56,49.44
03/02/26,80.22,18137230,-1.34,-1.64,-1.64,92.48,74.19,81.25,81.40,80.15,51.10
02/27/26,81.56,28483490,1.06,1.32,1.32,94.02,77.10,80.94,82.00,80.82,53.63
02/26/26,80.50,12843190,0.03,0.04,0.04,92.80,74.80,80.75,80.89,80.02,51.63
02/25/26,80.47,18086880,-0.25,-0.31,-0.31,92.77,74.73,80.40,80.69,79.56,51.57
02/24/26,80.72,16448500,0.16,0.20,0.20,93.05,75.27,80.54,81.09,79.85,52.04
02/23/26,80.56,17157670,0.72,0.90,0.90,92.87,74.93,79.52,80.85,79.50,51.74
02/20/26,79.84,17175100,0.93,1.18,1.18,92.04,73.36,79.33,79.84,78.89,50.39
02/19/26,78.91,14924650,-0.58,-0.73,-0.73,90.97,71.34,79.46,79.67,78.59,48.63
02/18/26,79.49,16304880,-0.07,-0.09,-0.09,91.64,72.60,79.50,79.84,78.92,49.73
02/17/26,79.56,16260200,0.88,1.12,1.12,91.72,72.76,78.99,79.64,78.74,49.86
02/13/26,78.68,16711870,-0.32,-0.41,-0.41,90.70,70.85,78.45,79.40,78.13,48.20
02/12/26,79.00,26043530,0.40,0.51,0.51,91.07,71.54,78.98,80.41,78.79,48.80
02/11/26,78.60,22649710,1.79,2.33,2.33,90.61,70.67,76.88,79.05,76.58,48.05
02/10/26,76.81,28848180,-1.16,-1.49,-1.49,88.55,66.78,76.63,77.51,76.01,44.68
02/09/26,77.97,23415620,-1.06,-1.34,-1.34,89.88,69.30,78.67,79.11,77.54,46.86
02/06/26,79.03,18512360,0.52,0.66,0.66,91.11,71.61,78.50,79.20,78.26,48.86
02/05/26,78.51,21633460,1.16,1.50,1.50,90.51,70.48,77.82,78.86,77.59,47.88
02/04/26,77.35,28607290,0.46,0.60,0.60,89.17,67.96,77.27,78.11,77.08,45.70
02/03/26,76.89,27007050,1.56,2.07,2.07,88.64,66.96,75.27,77.50,75.13,44.83
02/02/26,75.33,19301500,0.52,0.70,0.70,86.84,63.57,75.01,75.70,74.40,41.89
01/30/26,74.81,26420470,1.38,1.88,1.88,86.24,62.44,73.71,74.90,73.54,40.91
01/29/26,73.43,20862070,0.37,0.51,0.51,84.65,59.45,73.18,74.09,73.14,38.31
01/28/26,73.06,14633680,-0.49,-0.67,-0.67,84.22,58.64,73.21,73.62,72.57,37.62
01/27/26,73.55,13239180,0.99,1.36,1.36,84.79,59.71,72.44,73.56,72.27,38.54
01/26/26,72.56,14017420,-0.32,-0.44,-0.44,83.65,57.56,72.86,73.30,72.54,36.67
01/23/26,72.88,18307080,1.01,1.41,1.41,84.02,58.25,72.02,73.06,71.78,37.28
01/22/26,71.87,13962780,-0.14,-0.19,-0.19,82.85,56.06,71.83,72.04,71.44,35.37
01/21/26,72.01,21660570,0.26,0.36,0.36,83.01,56.36,71.98,72.24,70.83,35.64
01/20/26,71.75,22152210,1.31,1.86,1.86,82.71,55.80,70.00,71.78,69.79,35.15
01/16/26,70.44,20027540,-0.04,-0.06,-0.06,81.20,52.95,70.29,70.74,70.04,32.68
01/15/26,70.48,15464120,-0.96,-1.34,-1.34,81.25,53.04,71.59,71.60,70.37,32.76
01/14/26,71.44,16739070,0.20,0.28,0.28,82.36,55.12,71.17,71.71,70.81,34.56
01/13/26,71.24,18324760,0.74,1.05,1.05,82.12,54.69,70.42,71.24,70.27,34.19
01/12/26,70.50,20582470,-0.01,-0.01,-0.01,81.27,53.08,70.90,70.97,70.24,32.79
01/09/26,70.51,19638650,1.14,1.64,1.64,81.28,53.10,69.43,70.66,69.12,32.81
01/08/26,69.37,19236980,1.83,2.71,2.71,79.97,50.63,67.54,69.46,67.45,30.66
01/07/26,67.54,20223360,-0.30,-0.44,-0.44,77.86,46.66,67.99,68.07,67.27,27.22
01/06/26,67.84,21019860,-0.10,-0.15,-0.15,78.21,47.31,68.01,68.25,67.59,27.78
01/05/26,67.94,21186640,-1.18,-1.71,-1.71,78.32,47.52,68.92,68.92,67.92,27.97
01/02/26,69.12,12151310,-0.79,-1.13,-1.13,79.68,50.09,69.85,69.87,68.98,30.19
12/31/25,69.91,8127801,-0.16,-0.23,-0.23,80.59,51.80,70.07,70.16,69.88,31.68
12/30/25,70.07,8610896,-0.09,-0.13,-0.13,80.78,52.15,70.00,70.24,69.80,31.98
12/29/25,70.16,9686936,0.29,0.42,0.42,80.88,52.34,70.00,70.42,69.85,32.15
12/26/25,69.87,5711350,-0.24,-0.34,-0.34,80.55,51.72,69.95,70.16,69.73,31.61
12/24/25,70.11,4515327,0.24,0.34,0.34,80.82,52.24,69.90,70.16,69.75,32.06
12/23/25,69.87,9471036,-0.34,-0.48,-0.48,80.55,51.72,70.20,70.26,69.69,31.61
12/22/25,70.21,12828520,0.15,0.21,0.21,80.94,52.45,69.93,70.22,69.66,32.25
12/19/25,70.06,36911060,-0.30,-0.43,-0.43,80.76,52.13,70.06,70.77,70.03,31.96
12/18/25,70.36,15524800,-0.31,-0.44,-0.44,81.11,52.78,70.27,70.80,70.17,32.53
12/17/25,70.67,13672700,0.30,0.43,0.43,81.47,53.45,70.57,70.92,70.31,33.11
12/16/25,70.37,17370020,-0.60,-0.85,-0.85,81.12,52.80,71.30,71.30,70.32,32.55
12/15/25,70.97,18660050,0.45,0.64,0.64,81.81,54.10,70.43,71.32,70.32,33.68
12/12/25,70.52,18444510,1.41,2.04,2.04,81.29,53.13,69.11,70.62,69.04,32.83
12/11/25,69.11,23124160,-1.10,-1.57,-1.57,79.67,50.06,70.55,70.69,68.79,30.18
12/10/25,70.21,29789360,0.12,0.17,0.17,80.94,52.45,70.39,70.53,69.78,32.25
12/09/25,70.09,13010620,-0.16,-0.23,-0.23,80.80,52.19,70.37,70.63,69.83,32.02
12/08/25,70.25,17775100,0.25,0.36,0.36,80.98,52.54,69.84,70.38,69.49,32.32
12/05/25,70.00,13978240,-0.45,-0.64,-0.64,80.70,52.00,70.32,70.71,69.87,31.85
12/04/25,70.45,17710030,-0.36,-0.51,-0.51,81.21,52.97,70.83,71.34,70.37,32.70
12/03/25,70.81,17001670,0.14,0.20,0.20,81.63,53.76,70.88,71.40,70.61,33.38
12/02/25,70.67,19871300,-1.28,-1.78,-1.78,81.47,53.45,71.80,71.80,70.43,33.11
12/01/25,71.95,14388080,-1.17,-1.60,-0.90,82.94,56.23,72.60,72.91,71.93,35.52
11/28/25,73.12,7423049,0.24,0.33,0.33,83.70,57.65,73.00,73.23,72.76,37.73
11/26/25,72.88,11795060,0.27,0.37,0.37,83.42,57.14,72.60,73.09,72.39,37.28
11/25/25,72.61,17451160,0.02,0.03,0.03,83.12,56.56,72.80,72.93,72.14,36.77
11/24/25,72.59,39818550,-0.36,-0.49,-0.49,83.09,56.51,73.16,73.16,71.57,36.73
11/21/25,72.95,26492530,1.74,2.44,2.44,83.50,57.29,71.68,73.19,71.49,37.41
11/20/25,71.21,15396540,0.10,0.14,0.14,81.51,53.54,70.95,71.48,70.61,34.13
11/19/25,71.11,12401530,-0.11,-0.15,-0.15,81.40,53.32,71.20,71.45,70.81,33.94
11/18/25,71.22,12838920,0.54,0.76,0.76,81.52,53.56,70.99,71.34,70.57,34.15
11/17/25,70.68,14772290,-0.48,-0.67,-0.67,80.91,52.39,71.20,71.53,70.62,33.13
11/14/25,71.16,13172020,0.09,0.13,0.13,81.46,53.43,71.41,71.64,70.60,34.04
11/13/25,71.07,14002820,-0.44,-0.62,-0.62,81.35,53.23,71.42,71.67,71.00,33.87
11/12/25,71.51,13612610,-0.10,-0.14,-0.14,81.86,54.18,71.49,71.89,71.34,34.70
11/11/25,71.61,16160210,1.09,1.55,1.55,81.97,54.40,70.98,71.75,70.66,34.88
11/10/25,70.52,15317990,-0.03,-0.04,-0.04,80.72,52.05,70.01,70.66,69.44,32.83
11/07/25,70.55,25108310,1.49,2.16,2.16,80.76,52.11,69.81,70.87,69.41,32.89
11/06/25,69.06,15906650,0.55,0.80,0.80,79.05,48.90,68.30,69.14,67.92,30.08
11/05/25,68.51,12850130,-0.15,-0.22,-0.22,78.42,47.72,68.66,68.83,68.18,29.05
11/04/25,68.66,12743780,0.69,1.02,1.02,78.59,48.04,68.47,68.73,68.16,29.33
11/03/25,67.97,15660350,-0.93,-1.35,-1.35,77.80,46.55,68.80,68.89,67.66,28.03
10/31/25,68.90,16742680,-0.08,-0.12,-0.12,78.87,48.56,68.55,69.07,67.90,29.78
10/30/25,68.98,14751740,0.63,0.92,0.92,78.96,48.73,68.45,69.29,68.39,29.93
10/29/25,68.35,19789610,-1.81,-2.58,-2.58,78.24,47.37,69.92,70.03,68.16,28.74
10/28/25,70.16,12730490,0.10,0.14,0.14,80.31,51.27,70.05,70.90,69.95,32.15
10/27/25,70.06,13800050,0.35,0.50,0.50,80.20,51.06,69.78,70.12,69.25,31.96
10/24/25,69.71,15688200,-0.23,-0.33,-0.33,79.80,50.30,69.91,70.05,69.65,31.31
10/23/25,69.94,13989410,-0.87,-1.23,-1.23,80.06,50.80,70.81,70.93,69.72,31.74
10/22/25,70.81,18292950,-0.41,-0.58,-0.58,81.05,52.67,71.36,71.62,70.51,33.38
10/21/25,71.22,33651300,2.78,4.06,4.06,81.52,53.56,70.57,71.39,70.23,34.15
10/20/25,68.44,17786780,,,,78.34,47.56,68.43,68.64,67.92,28.91
10/17/25,68.44,15541770,0.85,1.26,1.26,78.34,47.56,68.00,68.50,67.80,28.91
10/16/25,67.59,15707230,0.51,0.76,0.76,77.37,45.73,67.18,68.11,67.16,27.31
10/15/25,67.08,11193720,-0.43,-0.64,-0.64,76.79,44.63,67.27,67.72,66.92,26.35
10/14/25,67.51,14245560,0.71,1.06,1.06,77.28,45.56,66.87,67.57,66.75,27.16
10/13/25,66.80,13690030,-0.24,-0.36,-0.36,76.46,44.03,66.23,66.80,66.00,25.82
10/10/25,67.04,17991740,0.67,1.01,1.01,76.74,44.55,66.52,67.40,66.38,26.28
10/09/25,66.37,12705190,0.25,0.38,0.38,75.97,43.10,66.29,66.80,66.12,25.01
10/08/25,66.12,12606680,-0.67,-1.00,-1.00,75.69,42.56,66.67,66.87,66.06,24.54
10/07/25,66.79,13328270,0.69,1.04,1.04,76.45,44.01,66.23,67.26,65.87,25.81
10/06/25,66.10,14333320,-0.55,-0.83,-0.83,75.66,42.52,66.49,66.50,65.84,24.51
10/03/25,66.65,12249240,0.55,0.83,0.83,76.29,43.70,66.10,66.99,66.04,25.54
10/02/25,66.10,14350720,-0.68,-1.02,-1.02,75.66,42.52,66.53,66.65,65.86,24.51
10/01/25,66.78,14877540,0.46,0.69,0.69,76.44,43.99,66.51,66.83,66.29,25.79
09/30/25,66.32,13814990,0.28,0.42,0.42,75.92,42.99,66.07,66.64,65.96,24.92
09/29/25,66.04,14818530,0.37,0.56,0.56,75.59,42.39,65.67,66.10,65.35,24.39
09/26/25,65.67,17821570,-0.31,-0.47,-0.47,75.17,41.59,66.07,66.34,65.50,23.70
09/25/25,65.98,14395010,-0.47,-0.71,-0.71,75.53,42.26,66.75,66.92,65.95,24.28
09/24/25,66.45,14759290,-0.26,-0.39,-0.39,76.06,43.27,66.41,66.78,65.96,25.16
09/23/25,66.71,15072790,0.50,0.76,0.76,76.36,43.83,66.35,66.76,65.90,25.65
09/22/25,66.21,13298740,-0.22,-0.33,-0.33,75.79,42.76,66.16,66.59,66.08,24.71
09/19/25,66.43,31192850,-0.03,-0.05,-0.05,76.04,43.23,66.49,66.73,66.05,25.13
09/18/25,66.46,17722920,-0.58,-0.87,-0.87,76.08,43.30,66.80,67.04,66.35,25.18
09/17/25,67.04,17372330,0.80,1.21,1.21,76.74,44.55,66.41,67.13,66.41,26.28
09/16/25,66.24,18555910,0.03,0.05,0.05,75.82,42.82,66.35,66.51,66.06,24.77
09/15/25,66.21,15986130,-0.80,-1.19,-0.43,75.79,42.76,66.68,66.78,66.10,24.71
09/12/25,67.01,18712350,-0.61,-0.90,-0.90,76.12,43.38,67.60,67.72,66.94,26.22
09/11/25,67.62,15128730,-0.20,-0.29,-0.29,76.81,44.68,67.92,68.17,67.58,27.37
09/10/25,67.82,16041930,-0.04,-0.06,-0.06,77.04,45.11,67.79,68.09,67.21,27.75
09/09/25,67.86,14120570,0.43,0.64,0.64,77.08,45.20,67.28,68.11,67.28,27.82
09/08/25,67.43,21671750,-0.53,-0.78,-0.78,76.60,44.28,67.86,67.88,67.16,27.01
09/05/25,67.96,23978000,-0.29,-0.42,-0.42,77.20,45.41,68.01,68.58,67.87,28.01
09/04/25,68.25,16736010,-0.74,-1.07,-1.07,77.53,46.03,69.11,69.46,68.12,28.56
09/03/25,68.99,33581490,-0.07,-0.10,-0.10,78.37,47.61,68.66,69.10,67.37,29.95
09/02/25,69.06,24770070,0.07,0.10,0.10,78.45,47.76,68.96,69.34,68.26,30.08
08/29/25,68.99,14601090,0.63,0.92,0.92,78.37,47.61,68.67,69.14,68.43,29.95
08/28/25,68.36,16209870,-0.47,-0.68,-0.68,77.65,46.27,68.88,68.90,68.28,28.76
08/27/25,68.83,11562740,0.10,0.15,0.15,78.19,47.27,68.82,68.87,68.47,29.65
08/26/25,68.73,17964230,-0.20,-0.29,-0.29,78.07,47.06,69.04,69.08,68.58,29.46
08/25/25,68.93,13634560,-1.20,-1.71,-1.71,78.30,47.48,70.11,70.23,68.72,29.84
08/22/25,70.13,12999610,-0.53,-0.75,-0.75,79.66,50.05,70.96,71.02,69.92,32.10
08/21/25,70.66,8840427,-0.04,-0.06,-0.06,80.26,51.19,70.60,70.91,70.33,33.09
08/20/25,70.70,17530850,0.57,0.81,0.81,80.31,51.27,70.74,71.71,70.41,33.17
08/19/25,70.13,13862210,1.00,1.45,1.45,79.66,50.05,69.30,70.22,69.24,32.10
08/18/25,69.13,14094880,-0.79,-1.13,-1.13,78.53,47.91,69.98,70.05,69.05,30.21
08/15/25,69.92,12381110,0.37,0.53,0.53,79.42,49.60,69.74,70.39,69.57,31.70
08/14/25,69.55,10722370,-0.91,-1.29,-1.29,79.00,48.81,70.38,70.46,69.39,31.00
08/13/25,70.46,10356520,-0.25,-0.35,-0.35,80.04,50.76,70.69,70.77,70.23,32.72
08/12/25,70.71,11065040,-0.04,-0.06,-0.06,80.32,51.29,70.82,71.06,70.22,33.19
08/11/25,70.75,10909370,0.41,0.58,0.58,80.37,51.38,70.30,70.86,69.96,33.26
08/08/25,70.34,9232651,-0.09,-0.13,-0.13,79.90,50.50,70.37,70.87,70.08,32.49
08/07/25,70.43,15790800,0.92,1.32,1.32,80.00,50.69,69.46,70.72,69.33,32.66
08/06/25,69.51,10782980,0.46,0.67,0.67,78.96,48.73,69.12,69.80,68.63,30.93
08/05/25,69.05,11993390,0.09,0.13,0.13,78.44,47.74,68.90,69.49,68.75,30.06
08/04/25,68.96,10701530,0.10,0.15,0.15,78.33,47.55,68.72,69.09,68.31,29.89
08/01/25,68.86,16107510,0.97,1.43,1.43,78.22,47.33,68.60,69.04,68.27,29.70
07/31/25,67.89,17193420,-0.86,-1.25,-1.25,77.12,45.26,68.15,68.65,67.74,27.88
07/30/25,68.75,10448180,-0.63,-0.91,-0.91,78.10,47.10,69.11,69.33,68.53,29.50
07/29/25,69.38,16223380,1.29,1.89,1.89,78.81,48.45,68.34,69.42,68.15,30.68
07/28/25,68.09,13668800,-1.08,-1.56,-1.56,77.35,45.69,68.74,68.90,68.06,28.25
07/25/25,69.17,12574820,0.07,0.10,0.10,78.57,48.00,69.13,69.23,68.75,30.29
07/24/25,69.10,12511370,-0.06,-0.09,-0.09,78.49,47.85,69.26,69.55,68.99,30.16
07/23/25,69.16,21029990,-0.50,-0.72,-0.72,78.56,47.98,69.66,69.74,68.60,30.27
07/22/25,69.66,22339880,-0.41,-0.59,-0.59,79.13,49.05,69.45,70.26,68.69,31.21
07/21/25,70.07,17811720,0.22,0.31,0.31,79.59,49.92,70.20,70.62,69.93,31.98
07/18/25,69.85,14927950,-0.74,-1.05,-1.05,79.34,49.45,70.45,70.70,69.84,31.57
07/17/25,70.59,20464660,1.32,1.91,1.91,80.19,51.04,69.81,70.69,69.51,32.96
07/16/25,69.27,13178290,-0.09,-0.13,-0.13,78.69,48.21,69.35,69.50,68.79,30.48
07/15/25,69.36,12639810,-0.11,-0.16,-0.16,78.79,48.40,69.51,69.55,69.15,30.65
07/14/25,69.47,13983250,-0.40,-0.57,-0.57,78.91,48.64,69.80,70.08,69.27,30.85
07/11/25,69.87,12916670,0.10,0.14,0.14,79.37,49.50,69.57,70.16,69.25,31.61
07/10/25,69.77,14615050,0.29,0.42,0.42,79.25,49.28,69.29,69.85,69.16,31.42
07/09/25,69.48,33704120,-0.76,-1.08,-1.08,78.92,48.66,70.16,70.25,68.97,30.87
07/08/25,70.24,17115520,-0.77,-1.08,-1.08,79.79,50.29,70.68,70.68,69.88,32.30
07/07/25,71.01,16984680,-0.34,-0.48,-0.48,80.66,51.94,71.37,71.37,70.80,33.75
07/03/25,71.35,9440457,0.44,0.62,0.62,81.05,52.66,71.04,71.40,70.45,34.39
07/02/25,70.91,13050240,-0.76,-1.06,-1.06,80.55,51.72,71.69,71.83,70.74,33.57
07/01/25,71.67,21729280,0.92,1.30,1.30,81.41,53.35,70.99,72.45,70.90,35.00
06/30/25,70.75,15428970,0.42,0.60,0.60,80.37,51.38,70.13,70.79,70.09,33.26
06/27/25,70.33,23470690,0.86,1.24,1.24,79.89,50.48,69.59,70.56,69.47,32.47
06/26/25,69.47,14454090,-0.16,-0.23,-0.23,78.91,48.64,69.70,69.92,69.15,30.85
06/25/25,69.63,12540370,-0.58,-0.83,-0.83,79.09,48.98,69.93,70.02,69.43,31.15
06/24/25,70.21,15216080,0.47,0.67,0.67,79.75,50.22,69.95,70.35,69.69,32.25
06/23/25,69.74,21822770,0.90,1.31,1.31,79.22,49.22,69.14,69.81,68.97,31.36
06/20/25,68.84,40859434,-0.37,-0.53,-0.53,78.20,47.29,69.09,69.56,68.78,29.67
06/18/25,69.21,16227580,-0.41,-0.59,-0.59,78.62,48.08,70.00,70.00,69.09,30.36
06/17/25,69.62,15437030,-0.90,-1.28,-1.28,79.08,48.96,70.38,70.46,69.58,31.14
06/16/25,70.52,15045880,-0.50,-0.70,-0.70,80.11,50.89,71.20,71.62,70.24,32.83
06/13/25,71.02,17467160,-1.22,-1.69,-0.98,80.67,51.96,71.77,71.88,70.73,33.77
06/12/25,72.24,12806910,0.17,0.24,0.24,81.47,53.46,72.25,72.40,71.60,36.07
06/11/25,72.07,12718510,-0.28,-0.39,-0.39,81.28,53.10,72.27,72.36,71.76,35.75
06/10/25,72.35,12264970,0.58,0.81,0.81,81.60,53.70,71.90,72.69,71.76,36.28
06/09/25,71.77,12281340,0.42,0.59,0.59,80.94,52.47,71.35,71.83,71.09,35.19
06/06/25,71.35,9524036,0.44,0.62,0.62,80.47,51.57,71.09,71.48,70.94,34.39
06/05/25,70.91,13535620,-0.46,-0.64,-0.64,79.97,50.64,71.38,71.46,70.84,33.57
06/04/25,71.37,13565890,0.21,0.30,0.30,80.49,51.62,71.26,71.85,70.68,34.43
06/03/25,71.16,20139770,-0.84,-1.17,-1.17,80.26,51.17,71.71,71.78,70.48,34.04
06/02/25,72.00,10202740,-0.10,-0.14,-0.14,81.20,52.95,72.03,72.04,71.36,35.62
05/30/25,72.10,28019550,0.61,0.85,0.85,81.32,53.17,71.61,72.47,71.61,35.81
05/29/25,71.49,10294100,0.34,0.48,0.48,80.63,51.87,71.00,71.66,70.46,34.66
05/28/25,71.15,8710896,-0.63,-0.88,-0.88,80.25,51.15,71.70,71.90,71.05,34.02
05/27/25,71.78,10666100,0.01,0.01,0.01,80.96,52.49,71.74,72.22,71.56,35.20
05/23/25,71.77,12822150,0.63,0.89,0.89,80.94,52.47,71.54,71.98,70.69,35.19
05/22/25,71.14,11101800,-0.71,-0.99,-0.99,80.23,51.13,71.84,71.99,70.96,34.00
05/21/25,71.85,12094420,0.16,0.22,0.22,81.03,52.64,71.69,72.08,71.59,35.34
05/20/25,71.69,12137800,-0.24,-0.33,-0.33,80.85,52.30,71.80,72.13,71.43,35.03
05/19/25,71.93,13282780,-0.07,-0.10,-0.10,81.12,52.81,72.03,72.17,71.64,35.49
05/16/25,72.00,18441200,0.39,0.54,0.54,81.20,52.95,71.86,72.26,71.43,35.62
05/15/25,71.61,19817100,2.45,3.54,3.54,80.76,52.13,69.70,71.73,69.60,34.88
05/14/25,69.16,16286800,0.20,0.29,0.29,78.00,46.92,68.88,69.34,68.58,30.27
05/13/25,68.96,14389050,-0.57,-0.82,-0.82,77.78,46.50,69.59,69.69,68.87,29.89
05/12/25,69.53,21539010,-0.99,-1.40,-1.40,78.42,47.71,70.15,70.33,68.70,30.97
05/09/25,70.52,11228950,-0.65,-0.91,-0.91,79.53,49.81,70.99,71.15,70.46,32.83
05/08/25,71.17,14371060,-1.23,-1.70,-1.70,80.27,51.19,72.20,72.47,71.13,34.06
05/07/25,72.40,15025790,0.68,0.95,0.95,81.65,53.80,71.72,72.69,71.67,36.37
05/06/25,71.72,12705480,0.02,0.03,0.03,80.89,52.36,71.68,71.90,71.16,35.09
05/05/25,71.70,11932690,0.05,0.07,0.07,80.87,52.32,71.67,71.80,71.01,35.05
05/02/25,71.65,12629590,0.36,0.50,0.50,80.81,52.21,71.50,71.82,71.10,34.96
05/01/25,71.29,18034160,-1.26,-1.74,-1.74,80.40,51.45,72.00,72.04,71.23,34.28
04/30/25,72.55,21074650,0.20,0.28,0.28,81.82,54.12,73.35,73.48,71.69,36.65
04/29/25,72.35,16244060,0.56,0.78,0.78,81.60,53.70,71.19,72.71,70.28,36.28
04/28/25,71.79,15997500,-0.12,-0.17,-0.17,80.97,52.51,72.08,72.26,71.31,35.22
04/25/25,71.91,16315980,-0.61,-0.84,-0.84,81.10,52.76,72.65,72.92,71.13,35.45
04/24/25,72.52,16893860,-0.78,-1.06,-1.06,81.79,54.06,73.02,73.43,72.30,36.60
04/23/25,73.30,16353930,-0.60,-0.81,-0.81,82.67,55.72,73.29,73.95,72.38,38.07
04/22/25,73.90,15613520,1.13,1.55,1.55,83.35,56.99,73.00,74.38,72.92,39.20
04/21/25,72.77,16037190,-0.23,-0.32,-0.32,82.07,54.59,73.38,73.47,71.82,37.07
04/17/25,73.00,20754500,1.32,1.84,1.84,82.33,55.08,71.90,73.43,71.72,37.50
04/16/25,71.68,15276220,-0.18,-0.25,-0.25,80.84,52.28,72.36,72.67,71.39,35.02
04/15/25,71.86,14965490,-0.59,-0.81,-0.81,81.05,52.66,72.62,72.63,71.73,35.36
04/14/25,72.45,13930210,1.02,1.43,1.43,81.71,53.91,71.30,72.66,70.93,36.47
04/11/25,71.43,19988200,0.67,0.95,0.95,80.56,51.74,70.91,71.85,70.54,34.55
04/10/25,70.76,22450160,0.81,1.16,1.16,79.81,50.32,70.19,71.21,68.98,33.28
04/09/25,69.95,27918680,1.53,2.24,2.24,78.89,48.60,67.92,70.47,67.28,31.76
04/08/25,68.42,22774430,0.05,0.07,0.07,77.17,45.35,68.96,69.98,67.76,28.88
04/07/25,68.37,34258360,-1.56,-2.23,-2.23,77.11,45.24,66.23,69.38,66.05,28.78
04/04/25,69.93,26517290,-3.25,-4.44,-4.44,78.87,48.56,72.42,73.01,69.79,31.72
04/03/25,73.18,24959590,1.85,2.59,2.59,82.53,55.46,72.48,73.95,72.32,37.84
04/02/25,71.33,14606520,-0.54,-0.75,-0.75,80.45,51.53,71.96,72.36,71.05,34.36
04/01/25,71.87,15309150,0.25,0.35,0.35,81.06,52.68,71.68,71.91,71.19,35.37
03/31/25,71.62,24016870,1.25,1.78,1.78,80.78,52.15,70.73,71.94,70.49,34.90
03/28/25,70.37,17412920,-0.37,-0.52,-0.52,79.37,49.49,70.81,71.32,69.53,32.55
03/27/25,70.74,11663370,0.72,1.03,1.03,79.78,50.28,70.18,70.99,70.07,33.25
03/26/25,70.02,14482760,1.21,1.76,1.76,78.97,48.75,68.92,70.35,68.90,31.89
03/25/25,68.81,12513900,-0.14,-0.20,-0.20,77.61,46.18,68.95,69.08,68.60,29.61
03/24/25,68.95,12575410,0.28,0.41,0.41,77.76,46.48,68.80,69.08,68.33,29.87
03/21/25,68.67,47479473,-1.04,-1.49,-1.49,77.45,45.88,69.71,69.97,68.18,29.35
03/20/25,69.71,16295260,0.43,0.62,0.62,78.62,48.09,69.31,69.81,69.09,31.31
03/19/25,69.28,14780010,-0.10,-0.14,-0.14,78.14,47.18,68.55,69.38,68.54,30.50
03/18/25,69.38,12657620,-0.74,-1.06,-1.06,78.25,47.39,70.11,70.19,69.30,30.68
03/17/25,70.12,15634810,0.96,1.39,1.39,79.08,48.96,69.24,70.17,69.08,32.08
03/14/25,69.16,14205090,-0.46,-0.66,0.07,78.00,46.92,68.51,69.26,68.38,30.27
03/13/25,69.62,15746570,-0.32,-0.46,-0.46,77.94,46.82,70.25,70.25,69.28,31.14
03/12/25,69.94,18923300,-1.10,-1.55,-1.55,78.30,47.49,70.37,70.73,69.74,31.74
03/11/25,71.04,28076440,-0.41,-0.57,-0.57,79.53,49.81,71.88,72.04,70.61,33.81
03/10/25,71.45,25251190,0.02,0.03,0.03,79.99,50.68,71.96,73.22,71.32,34.58
03/07/25,71.43,28393260,0.97,1.38,1.38,79.97,50.63,69.65,71.82,69.65,34.55
03/06/25,70.46,21694030,0.38,0.54,0.54,78.89,48.59,70.41,70.53,69.45,32.72
03/05/25,70.08,23933630,-0.11,-0.16,-0.16,78.46,47.79,69.90,70.74,69.84,32.00
03/04/25,70.19,25411860,-2.13,-2.95,-2.95,78.58,48.02,72.07,72.65,69.88,32.21
03/03/25,72.32,21717600,1.11,1.56,1.56,80.97,52.51,70.24,72.36,69.73,36.22
02/28/25,71.21,22167380,0.34,0.48,0.48,79.72,50.17,71.45,71.57,70.56,34.13
02/27/25,70.87,16789480,0.07,0.10,0.10,79.34,49.45,70.72,71.54,70.42,33.49
02/26/25,70.80,14531180,-0.69,-0.97,-0.97,79.27,49.30,71.27,71.28,70.53,33.36
02/25/25,71.49,21555590,0.90,1.27,1.27,80.04,50.76,70.86,71.77,70.73,34.66
02/24/25,70.59,21418440,-0.76,-1.07,-1.07,79.03,48.86,70.84,71.73,70.33,32.96
02/21/25,71.35,21662250,1.31,1.87,1.87,79.88,50.46,70.32,71.60,70.13,34.39
02/20/25,70.04,13398010,-0.03,-0.04,-0.04,78.41,47.70,69.71,70.07,69.42,31.93
02/19/25,70.07,16032270,1.02,1.48,1.48,78.45,47.77,69.21,70.13,69.17,31.98
02/18/25,69.05,15569120,0.18,0.26,0.26,77.31,45.61,68.55,69.37,68.42,30.06
02/14/25,68.87,20779090,-0.63,-0.91,-0.91,77.11,45.23,69.37,70.03,68.76,29.72
02/13/25,69.50,24393150,0.79,1.15,1.15,77.81,46.56,69.00,69.61,68.76,30.91
02/12/25,68.71,26033760,1.11,1.64,1.64,76.93,44.90,66.87,68.82,66.87,29.42
02/11/25,67.60,30589150,3.05,4.73,4.73,75.68,42.56,67.50,67.67,66.41,27.33
02/10/25,64.55,16154300,0.71,1.11,1.11,72.27,36.12,64.10,64.65,63.66,21.59
02/07/25,63.84,13184670,0.48,0.76,0.76,71.47,34.63,63.43,63.92,63.27,20.25
02/06/25,63.36,13423410,0.24,0.38,0.38,70.94,33.62,63.62,63.74,62.91,19.34
02/05/25,63.12,10686750,0.45,0.72,0.72,70.67,33.11,62.72,63.29,62.59,18.89
02/04/25,62.67,15678000,-0.68,-1.07,-1.07,70.16,32.16,63.61,63.63,62.35,18.04
02/03/25,63.35,12067880,-0.13,-0.20,-0.20,70.93,33.59,63.18,63.63,62.43,19.33
01/31/25,63.48,12102060,-0.57,-0.89,-0.89,71.07,33.87,63.70,63.93,63.39,19.57
01/30/25,64.05,13200980,1.22,1.94,1.94,71.71,35.07,63.85,64.29,63.23,20.64
01/29/25,62.83,11325640,0.47,0.75,0.75,70.34,32.50,62.56,63.36,62.55,18.35
01/28/25,62.36,14956030,-1.51,-2.36,-2.36,69.82,31.51,63.51,64.04,62.28,17.46
01/27/25,63.87,20742920,1.95,3.15,3.15,71.51,34.69,62.87,64.18,62.47,20.31
01/24/25,61.92,19244600,0.39,0.63,0.63,69.32,30.58,61.72,62.01,61.44,16.63
01/23/25,61.53,16528420,-0.25,-0.40,-0.40,68.89,29.76,61.80,61.98,61.37,15.90
01/22/25,61.78,18191890,-0.64,-1.03,-1.03,69.17,30.28,62.12,62.29,61.66,16.37
01/21/25,62.42,19817070,-0.29,-0.46,-0.46,69.88,31.63,62.90,63.23,62.30,17.57
01/17/25,62.71,17948870,0.46,0.74,0.74,70.21,32.24,62.31,62.77,62.17,18.12
01/16/25,62.25,12585530,0.48,0.78,0.78,69.69,31.27,61.42,62.30,61.32,17.25
01/15/25,61.77,16187200,-0.27,-0.44,-0.44,69.16,30.26,62.33,62.62,61.68,16.35
01/14/25,62.04,16658290,0.39,0.63,0.63,69.46,30.83,61.66,62.07,61.30,16.86
01/13/25,61.65,18016170,0.58,0.95,0.95,69.02,30.01,61.13,61.85,60.71,16.12
01/10/25,61.07,22424950,-0.64,-1.04,-1.04,68.37,28.79,61.58,61.65,60.73,15.03
01/08/25,61.71,14412400,0.87,1.43,1.43,69.09,30.14,60.99,61.77,60.93,16.24
01/07/25,60.84,17799630,0.03,0.05,0.05,68.11,28.30,61.11,61.72,60.62,14.60
01/06/25,60.81,17924240,-0.94,-1.52,-1.52,68.08,28.24,61.50,61.57,60.66,14.54
01/03/25,61.75,10403200,-0.09,-0.15,-0.15,69.13,30.22,61.90,62.08,61.62,16.31
01/02/25,61.84,12990980,-0.42,-0.67,-0.67,69.23,30.41,62.35,62.75,61.62,16.48
12/31/24,62.26,9256664,0.23,0.37,0.37,69.70,31.30,62.02,62.43,61.80,17.27
12/30/24,62.03,8972212,-0.42,-0.67,-0.67,69.45,30.81,62.34,62.34,61.68,16.84
12/27/24,62.45,8542773,-0.12,-0.19,-0.19,69.92,31.70,62.45,62.95,62.21,17.63
12/26/24,62.57,7945641,-0.27,-0.43,-0.43,70.05,31.95,62.62,62.74,62.40,17.86
12/24/24,62.84,5019131,0.46,0.74,0.74,70.35,32.52,62.20,62.84,62.01,18.37
12/23/24,62.38,13010760,-0.17,-0.27,-0.27,69.84,31.55,62.50,62.76,61.53,17.50
12/20/24,62.55,42458100,0.10,0.16,0.16,70.03,31.91,62.47,63.06,62.28,17.82
12/19/24,62.45,21300650,-0.40,-0.64,-0.64,69.92,31.70,62.70,63.17,62.40,17.63
12/18/24,62.85,20946090,-0.55,-0.87,-0.87,70.37,32.54,62.81,63.64,62.79,18.38
12/17/24,63.40,21902380,0.85,1.36,1.36,70.98,33.70,62.45,63.55,62.32,19.42
12/16/24,62.55,24559740,-0.57,-0.90,-0.90,70.03,31.91,63.23,63.86,62.35,17.82
12/13/24,63.12,13429030,-0.72,-1.13,-1.13,70.67,33.11,63.57,63.84,63.11,18.89
12/12/24,63.84,17542090,1.20,1.92,1.92,71.47,34.63,63.55,63.92,63.22,20.25
12/11/24,62.64,32819010,-0.27,-0.43,-0.43,70.13,32.10,63.00,63.63,62.40,17.99
12/10/24,62.91,14949420,0.31,0.50,0.50,70.43,32.67,62.70,63.04,61.79,18.50
12/09/24,62.60,22348330,0.07,0.11,0.11,70.09,32.01,62.69,62.93,61.90,17.91
12/06/24,62.53,15581150,-0.39,-0.62,-0.62,70.01,31.86,62.83,63.36,62.51,17.78
12/05/24,62.92,21040360,0.71,1.14,1.14,70.44,32.69,62.47,63.12,62.10,18.52
12/04/24,62.21,28137660,-1.31,-2.06,-2.06,69.65,31.19,63.28,63.35,61.90,17.18
12/03/24,63.52,24874490,-0.13,-0.20,-0.20,71.12,33.95,63.72,64.08,63.03,19.65
12/02/24,63.65,16500100,-0.43,-0.67,-0.67,71.26,34.23,64.05,64.19,63.35,19.89
11/29/24,64.08,10648350,-0.35,-0.54,0.21,71.74,35.13,64.02,64.25,63.77,20.70
11/27/24,64.43,13263400,-0.12,-0.19,-0.19,71.59,34.85,64.96,65.10,64.25,21.36
11/26/24,64.55,14473270,0.17,0.26,0.26,71.73,35.10,64.31,64.64,64.06,21.59
11/25/24,64.38,36805246,0.46,0.72,0.72,71.54,34.75,64.32,64.71,63.84,21.27
11/22/24,63.92,19562230,0.16,0.25,0.25,71.03,33.78,64.24,64.48,63.65,20.40
11/21/24,63.76,17292300,0.77,1.22,1.22,70.85,33.45,63.15,63.81,62.95,20.10
11/20/24,62.99,18904910,0.40,0.64,0.64,69.99,31.84,62.70,63.01,62.02,18.65
11/19/24,62.59,16254830,0.73,1.18,1.18,69.55,31.00,61.90,62.62,61.63,17.89
11/18/24,61.86,16079360,0.12,0.19,0.19,68.74,29.47,61.85,62.14,61.56,16.52
11/15/24,61.74,26284330,-0.81,-1.29,-1.29,68.60,29.22,62.49,62.63,61.39,16.29
11/14/24,62.55,15910820,-0.45,-0.71,-0.71,69.50,30.92,63.11,63.11,62.43,17.82
11/13/24,63.00,13177640,-0.20,-0.32,-0.32,70.00,31.86,63.05,63.26,62.49,18.67
11/12/24,63.20,15020980,-0.16,-0.25,-0.25,70.23,32.28,63.68,63.75,63.12,19.04
11/11/24,63.36,13980870,-0.56,-0.88,-0.88,70.40,32.61,63.99,64.12,63.25,19.34
11/08/24,63.92,14719310,0.26,0.41,0.41,71.03,33.78,63.91,64.24,63.74,20.40
11/07/24,63.66,14856050,-0.04,-0.06,-0.06,70.74,33.24,64.29,64.39,63.60,19.91
11/06/24,63.70,22899260,-1.67,-2.55,-2.55,70.78,33.32,64.42,64.86,63.18,19.98
11/05/24,65.37,8780220,0.26,0.40,0.40,72.64,36.82,64.64,65.47,64.64,23.13
11/04/24,65.11,10984500,0.10,0.15,0.15,72.35,36.27,65.08,65.42,64.65,22.64
11/01/24,65.01,12163090,-0.30,-0.46,-0.46,72.24,36.06,65.47,65.66,64.89,22.45
10/31/24,65.31,13383720,-0.61,-0.93,-0.93,72.57,36.69,65.81,65.99,65.26,23.02
10/30/24,65.92,14177770,0.36,0.55,0.55,73.25,37.97,65.51,66.54,65.32,24.17
10/29/24,65.56,16525920,-1.11,-1.66,-1.66,72.85,37.22,66.29,66.34,65.52,23.49
10/28/24,66.67,10761420,-0.25,-0.37,-0.37,74.08,39.54,66.96,67.40,66.60,25.58
10/25/24,66.92,11138130,-0.38,-0.56,-0.56,74.36,40.06,67.07,67.70,66.79,26.05
10/24/24,67.30,17568830,-0.71,-1.04,-1.04,74.78,40.86,67.65,68.04,66.95,26.77
10/23/24,68.01,24655200,-1.44,-2.07,-2.07,75.57,42.34,66.99,68.70,66.58,28.10
10/22/24,69.45,18603250,,,,77.17,45.36,69.00,69.75,68.68,30.82
10/21/24,69.45,11981160,-0.99,-1.41,-1.41,77.17,45.36,70.00,70.33,69.31,30.82
10/18/24,70.44,15087520,0.54,0.77,0.77,78.27,47.43,69.87,70.55,69.61,32.68
10/17/24,69.90,14674630,-0.67,-0.95,-0.95,77.67,46.30,70.63,70.69,69.58,31.66
10/16/24,70.57,7937347,0.23,0.33,0.33,78.41,47.70,70.09,70.70,69.97,32.93
10/15/24,70.34,10358730,,,,78.16,47.22,70.46,71.21,70.16,32.49
10/14/24,70.34,7659318,0.77,1.11,1.11,78.16,47.22,69.57,70.47,69.47,32.49
10/11/24,69.57,8786318,0.32,0.46,0.46,77.30,45.61,69.46,69.59,69.00,31.04
10/10/24,69.25,8635150,-0.32,-0.46,-0.46,76.95,44.94,69.83,69.91,68.99,30.44
10/09/24,69.57,9037735,0.39,0.56,0.56,77.30,45.61,69.19,69.74,69.07,31.04
10/08/24,69.18,13549700,0.17,0.25,0.25,76.87,44.79,69.04,69.44,68.86,30.31
10/07/24,69.01,14511960,-1.16,-1.65,-1.65,76.68,44.44,70.05,70.10,68.87,29.99
10/04/24,70.17,12687290,-0.35,-0.50,-0.50,77.97,46.86,69.96,70.28,69.72,32.17
10/03/24,70.52,9374794,-0.49,-0.69,-0.69,78.36,47.60,70.86,70.99,70.20,32.83
10/02/24,71.01,11155480,-0.70,-0.98,-0.98,78.90,48.62,71.39,71.43,70.41,33.75
10/01/24,71.71,13294500,-0.15,-0.21,-0.21,79.68,50.09,72.10,72.75,71.63,35.07
09/30/24,71.86,18016010,0.07,0.10,0.10,79.85,50.40,72.00,72.20,71.69,35.36
09/27/24,71.79,11175710,0.39,0.55,0.55,79.77,50.26,71.54,72.20,71.46,35.22
09/26/24,71.40,10815220,-0.05,-0.07,-0.07,79.34,49.44,70.86,71.61,70.84,34.49
09/25/24,71.45,12329130,0.12,0.17,0.17,79.39,49.54,71.71,71.92,71.31,34.58
09/24/24,71.33,13330640,-0.40,-0.56,-0.56,79.26,49.29,71.22,71.82,70.60,34.36
09/23/24,71.73,11613020,0.09,0.13,0.13,79.70,50.13,71.55,72.20,71.18,35.11
09/20/24,71.64,48578480,1.02,1.44,1.44,79.60,49.94,70.41,71.80,70.38,34.94
09/19/24,70.62,13635650,-1.13,-1.57,-1.57,78.47,47.81,71.56,71.94,70.60,33.02
09/18/24,71.75,10719710,-0.05,-0.07,-0.07,79.73,50.17,71.89,72.38,71.27,35.15
09/17/24,71.80,12974380,-0.30,-0.42,-0.42,79.78,50.28,71.90,72.35,71.73,35.24
09/16/24,72.10,10786530,0.69,0.97,0.97,80.11,50.90,71.77,72.24,71.62,35.81
09/13/24,71.41,11073850,0.18,0.25,0.93,79.35,49.46,70.84,71.47,70.48,34.51
09/12/24,71.23,12340780,0.15,0.21,0.21,78.61,48.08,71.00,71.38,70.66,34.17
09/11/24,71.08,11418230,-0.47,-0.66,-0.66,78.45,47.77,71.36,71.37,70.57,33.89
09/10/24,71.55,10277590,-0.30,-0.42,-0.42,78.97,48.74,71.97,72.42,71.52,34.77
09/09/24,71.85,12939260,0.71,1.00,1.00,79.30,49.37,71.23,72.31,70.98,35.34
09/06/24,71.14,17485710,-0.03,-0.04,-0.04,78.51,47.89,70.99,71.67,70.89,34.00
09/05/24,71.17,23866130,-1.39,-1.92,-1.92,78.55,47.95,72.62,72.68,70.98,34.06
09/04/24,72.56,18140830,-0.45,-0.62,-0.62,80.08,50.84,73.30,73.53,71.91,36.67
09/03/24,73.01,14755750,0.54,0.75,0.75,80.58,51.78,72.44,73.29,72.25,37.52
08/30/24,72.47,18624230,0.42,0.58,0.58,79.98,50.66,72.20,72.57,71.78,36.50
08/29/24,72.05,17201680,0.30,0.42,0.42,79.52,49.78,71.90,72.22,71.23,35.71
08/28/24,71.75,13272580,0.25,0.35,0.35,79.19,49.16,71.61,71.81,71.30,35.15
08/27/24,71.50,16988410,0.66,0.93,0.93,78.91,48.64,71.32,71.53,71.05,34.68
08/26/24,70.84,12912250,1.05,1.50,1.50,78.18,47.27,69.83,70.92,69.73,33.43
08/23/24,69.79,11834750,0.46,0.66,0.66,77.03,45.08,69.40,69.85,68.94,31.46
08/22/24,69.33,12509200,-0.24,-0.34,-0.34,76.52,44.13,69.92,69.92,68.79,30.59
08/21/24,69.57,8792397,0.19,0.27,0.27,76.78,44.63,69.48,70.13,69.34,31.04
08/20/24,69.38,11957370,0.40,0.58,0.58,76.57,44.23,68.99,69.39,68.77,30.68
08/19/24,68.98,9843861,-0.20,-0.29,-0.29,76.13,43.40,69.35,69.42,68.85,29.93
08/16/24,69.18,12651230,0.53,0.77,0.77,76.35,43.82,68.84,69.30,68.64,30.31
08/15/24,68.65,11285120,0.07,0.10,0.10,75.77,42.71,68.62,68.92,68.50,29.31
08/14/24,68.58,14328030,0.12,0.18,0.18,75.69,42.57,68.23,68.89,68.13,29.18
08/13/24,68.46,9877569,0.29,0.43,0.43,75.56,42.32,68.08,68.61,68.01,28.95
08/12/24,68.17,11012320,-0.51,-0.74,-0.74,75.24,41.72,68.45,68.54,67.83,28.40
08/09/24,68.68,12080420,-0.05,-0.07,-0.07,75.80,42.78,68.70,68.79,68.25,29.37
08/08/24,68.73,15240910,0.27,0.39,0.39,75.86,42.88,68.00,68.87,67.85,29.46
08/07/24,68.46,13365270,0.41,0.60,0.60,75.56,42.32,68.05,69.18,67.83,28.95
08/06/24,68.05,12969100,-0.05,-0.07,-0.07,75.10,41.47,68.15,68.84,67.77,28.18
08/05/24,68.10,25484270,-1.23,-1.77,-1.77,75.16,41.57,68.99,69.55,67.73,28.27
08/02/24,69.33,22514780,1.37,2.02,2.02,76.52,44.13,68.53,69.67,67.69,30.59
08/01/24,67.96,16495910,1.22,1.83,1.83,75.01,41.28,67.00,68.11,66.70,28.01
07/31/24,66.74,15576850,-0.94,-1.39,-1.39,73.66,38.74,67.50,67.61,66.61,25.71
07/30/24,67.68,13257960,0.85,1.27,1.27,74.70,40.70,66.48,67.83,66.36,27.48
07/29/24,66.83,12140150,-0.22,-0.33,-0.33,73.76,38.93,66.88,67.03,66.39,25.88
07/26/24,67.05,13530070,0.98,1.48,1.48,74.00,39.39,66.07,67.11,66.01,26.29
07/25/24,66.07,16328580,0.26,0.40,0.40,72.92,37.35,66.04,66.89,65.86,24.45
07/24/24,65.81,13244570,0.85,1.31,1.31,72.63,36.81,65.09,65.97,64.84,23.96
07/23/24,64.96,11810260,0.19,0.29,0.29,71.69,35.04,65.43,66.04,64.85,22.36
07/22/24,64.77,11794210,-0.52,-0.80,-0.80,71.48,34.65,65.25,65.29,64.32,22.00
07/19/24,65.29,13775670,0.10,0.15,0.15,72.06,35.73,65.64,65.64,64.82,22.98
07/18/24,65.19,11128200,-0.02,-0.03,-0.03,71.95,35.52,64.80,65.81,64.72,22.79
07/17/24,65.21,12508220,0.94,1.46,1.46,71.97,35.56,64.47,65.39,64.41,22.83
07/16/24,64.27,9025066,0.86,1.36,1.36,70.93,33.61,63.43,64.31,63.39,21.06
07/15/24,63.41,8207521,-0.29,-0.46,-0.46,69.98,31.82,63.79,63.94,63.35,19.44
07/12/24,63.70,9201516,0.60,0.95,0.95,70.30,32.42,63.46,64.12,63.39,19.98
07/11/24,63.10,11434420,0.27,0.43,0.43,69.64,31.18,62.64,63.46,62.40,18.85
07/10/24,62.83,11930410,0.14,0.22,0.22,69.34,30.61,62.72,62.86,62.29,18.35
07/09/24,62.69,11660200,-0.27,-0.43,-0.43,69.19,30.32,63.06,63.23,62.59,18.08
07/08/24,62.96,11235140,-0.80,-1.25,-1.25,69.49,30.89,63.59,63.59,62.84,18.59
07/05/24,63.76,11735460,0.43,0.68,0.68,70.37,32.55,63.33,63.79,63.00,20.10
07/03/24,63.33,9154198,0.18,0.29,0.29,69.90,31.65,63.19,63.67,62.93,19.29
07/02/24,63.15,8878156,-0.13,-0.21,-0.21,69.70,31.28,63.26,63.38,62.86,18.95
07/01/24,63.28,10033360,-0.37,-0.58,-0.58,69.84,31.55,64.03,64.30,63.12,19.19
06/28/24,63.65,17358830,-0.26,-0.41,-0.41,70.25,32.32,63.90,64.06,63.52,19.89
06/27/24,63.91,8494123,-0.14,-0.22,-0.22,70.54,32.86,64.05,64.27,63.62,20.38
06/26/24,64.05,9402502,0.21,0.33,0.33,70.69,33.15,63.40,64.11,63.23,20.64
06/25/24,63.84,10546790,-0.13,-0.20,-0.20,70.46,32.71,63.94,64.07,63.51,20.25
06/24/24,63.97,13212450,1.20,1.91,1.91,70.60,32.98,62.99,64.06,62.91,20.49
06/21/24,62.77,28282190,0.59,0.95,0.95,69.28,30.49,62.18,63.10,62.18,18.23
06/20/24,62.18,13306270,-0.45,-0.72,-0.72,68.63,29.26,62.40,62.74,61.95,17.12
06/18/24,62.63,10651660,0.01,0.02,0.02,69.12,30.20,62.53,62.82,62.44,17.97
06/17/24,62.62,10532720,0.07,0.11,0.11,69.11,30.18,62.37,62.90,62.18,17.95
06/14/24,62.55,8179239,-0.44,-0.70,0.07,69.03,30.03,62.38,62.69,62.09,17.82
06/13/24,62.99,9668888,0.11,0.17,0.17,68.99,29.94,62.86,63.04,62.45,18.65
06/12/24,62.88,9569550,-0.67,-1.05,-1.05,68.86,29.71,63.69,63.69,62.69,18.44
06/11/24,63.55,8395960,-0.04,-0.06,-0.06,69.60,31.10,63.59,63.65,63.07,19.70
06/10/24,63.59,15687130,-0.32,-0.50,-0.50,69.64,31.18,63.94,63.99,63.37,19.78
06/07/24,63.91,9523089,-0.24,-0.37,-0.37,69.99,31.84,64.09,64.23,63.81,20.38
06/06/24,64.15,8658456,0.23,0.36,0.36,70.26,32.33,63.92,64.36,63.84,20.83
06/05/24,63.92,9632525,-0.02,-0.03,-0.03,70.00,31.86,63.99,64.07,63.35,20.40
06/04/24,63.94,11895620,1.01,1.60,1.60,70.03,31.90,63.20,63.97,62.94,20.44
06/03/24,62.93,9369046,,,,68.92,29.82,62.71,63.09,62.45,18.53
05/31/24,62.93,19816630,0.96,1.55,1.55,68.92,29.82,61.99,63.03,61.69,18.53
05/30/24,61.97,9436821,0.27,0.44,0.44,67.87,27.84,61.85,62.08,61.60,16.73
05/29/24,61.70,11861820,-0.12,-0.19,-0.19,67.57,27.28,61.47,61.88,61.07,16.22
05/28/24,61.82,12347000,-0.18,-0.29,-0.29,67.70,27.53,61.79,62.13,61.40,16.44
05/24/24,62.00,8203136,-0.09,-0.14,-0.14,67.90,27.90,62.22,62.42,61.97,16.78
05/23/24,62.09,9834292,-0.91,-1.44,-1.44,68.00,28.08,62.49,62.88,62.05,16.95
05/22/24,63.00,7419406,0.09,0.14,0.14,69.00,29.96,62.71,63.02,62.66,18.67
05/21/24,62.91,9796202,0.34,0.54,0.54,68.90,29.77,62.82,62.98,62.44,18.50
05/20/24,62.57,11000890,-0.46,-0.73,-0.73,68.53,29.07,62.93,63.01,62.46,17.86
05/17/24,63.03,11539020,-0.29,-0.46,-0.46,69.03,30.02,63.34,63.37,62.94,18.72
05/16/24,63.32,10228000,0.19,0.30,0.30,69.35,30.62,63.24,63.73,63.07,19.27
05/15/24,63.13,9838897,0.03,0.05,0.05,69.14,30.23,63.06,63.39,63.00,18.91
05/14/24,63.10,10852230,-0.48,-0.75,-0.75,69.11,30.17,63.58,63.76,62.80,18.85
05/13/24,63.58,10137620,0.32,0.51,0.51,69.63,31.16,63.24,63.62,63.18,19.76
05/10/24,63.26,8371691,0.38,0.60,0.60,69.28,30.50,62.92,63.36,62.79,19.16
05/09/24,62.88,9113662,0.03,0.05,0.05,68.86,29.71,62.81,63.15,62.75,18.44
05/08/24,62.85,10484410,0.23,0.37,0.37,68.83,29.65,62.85,62.97,62.48,18.38
05/07/24,62.62,9807029,0.27,0.43,0.43,68.58,29.18,62.76,62.82,62.25,17.95
05/06/24,62.35,9310699,0.18,0.29,0.29,68.28,28.62,62.30,62.38,61.90,17.44
05/03/24,62.17,11628680,0.18,0.29,0.29,68.09,28.25,61.99,62.33,61.64,17.10
05/02/24,61.99,10991300,0.06,0.10,0.10,67.89,27.88,62.18,62.40,61.72,16.76
05/01/24,61.93,16730830,0.16,0.26,0.26,67.82,27.75,61.80,62.57,61.21,16.65
04/30/24,61.77,19349150,-0.27,-0.44,-0.44,67.65,27.42,62.14,62.83,61.47,16.35
04/29/24,62.04,13420750,0.30,0.49,0.49,67.94,27.98,61.92,62.05,61.53,16.86
04/26/24,61.74,10994260,,,,67.62,27.36,61.55,61.93,61.35,16.29
04/25/24,61.74,19048540,0.19,0.31,0.31,67.62,27.36,61.87,62.59,61.37,16.29
04/24/24,61.55,19548320,0.91,1.50,1.50,67.41,26.97,60.32,61.65,59.84,15.94
04/23/24,60.64,13689130,0.09,0.15,0.15,66.41,25.09,60.53,60.68,60.13,14.22
04/22/24,60.55,15624550,0.38,0.63,0.63,66.31,24.91,60.14,60.63,59.72,14.05
04/19/24,60.17,21207850,1.26,2.14,2.14,65.90,24.12,59.10,60.36,59.00,13.34
04/18/24,58.91,11125870,0.40,0.68,0.68,64.52,21.52,58.62,58.98,58.54,10.96
04/17/24,58.51,13805070,0.45,0.78,0.78,64.08,20.70,58.28,58.56,58.10,10.21
04/16/24,58.06,11236840,-0.08,-0.14,-0.14,63.59,19.77,58.25,58.38,57.93,9.36
04/15/24,58.14,12425050,-0.14,-0.24,-0.24,63.67,19.94,58.61,58.81,58.04,9.51
04/12/24,58.28,12250950,-0.77,-1.30,-1.30,63.83,20.22,58.95,59.01,58.13,9.78
04/11/24,59.05,11109010,0.13,0.22,0.22,64.67,21.81,59.15,59.37,58.79,11.23
04/10/24,58.92,11861880,-0.80,-1.34,-1.34,64.53,21.54,59.32,59.39,58.69,10.98
04/09/24,59.72,10792140,0.45,0.76,0.76,65.40,23.19,59.48,59.74,59.13,12.49
04/08/24,59.27,10284540,-0.24,-0.40,-0.40,64.91,22.27,59.40,59.47,59.07,11.64
04/05/24,59.51,10157760,0.21,0.35,0.35,65.17,22.76,59.25,59.68,58.91,12.09
04/04/24,59.30,14320690,-0.53,-0.89,-0.89,64.94,22.33,60.09,60.15,59.17,11.70
04/03/24,59.83,13672920,-0.32,-0.53,-0.53,65.52,23.42,60.05,60.39,59.78,12.70
04/02/24,60.15,13017260,-0.53,-0.87,-0.87,65.87,24.08,60.45,60.73,60.11,13.30
04/01/24,60.68,11668690,-0.50,-0.82,-0.82,66.46,25.17,61.18,61.30,60.63,14.30
03/28/24,61.18,13683530,0.15,0.25,0.25,67.00,26.21,61.14,61.26,61.00,15.24
03/27/24,61.03,12551220,0.49,0.81,0.81,66.84,25.90,60.79,61.43,60.70,14.96
03/26/24,60.54,13277390,0.14,0.23,0.23,66.30,24.89,60.50,60.71,60.38,14.03
03/25/24,60.40,13144650,-0.09,-0.15,-0.15,66.15,24.60,60.48,60.71,60.12,13.77
03/22/24,60.49,11502840,0.02,0.03,0.03,66.25,24.78,60.52,60.79,60.43,13.94
03/21/24,60.47,13067080,-0.28,-0.46,-0.46,66.23,24.74,60.56,60.99,60.32,13.90
03/20/24,60.75,15258760,0.52,0.86,0.86,66.53,25.32,60.18,60.81,60.16,14.43
03/19/24,60.23,15030630,0.10,0.17,0.17,65.96,24.25,60.24,60.35,60.06,13.45
03/18/24,60.13,15856690,0.25,0.42,0.42,65.85,24.04,59.89,60.40,59.80,13.26
03/15/24,59.88,36849930,-0.62,-1.02,-1.02,65.58,23.52,60.02,60.45,59.64,12.79
03/14/24,60.50,13996610,-0.62,-1.01,-0.22,66.26,24.80,60.58,60.80,60.40,13.96
03/13/24,61.12,13909460,0.62,1.02,1.02,66.40,25.08,60.88,61.21,60.80,15.13
03/12/24,60.50,12684650,0.26,0.43,0.43,65.73,23.81,60.32,60.75,60.21,13.96
03/11/24,60.24,14114260,0.72,1.21,1.21,65.45,23.28,59.78,60.29,59.58,13.47
03/08/24,59.52,13239010,0.08,0.13,0.13,64.67,21.81,59.30,59.79,58.97,12.11
03/07/24,59.44,13686860,-0.11,-0.18,-0.18,64.58,21.64,59.69,59.77,59.24,11.96
03/06/24,59.55,12378820,0.03,0.05,0.05,64.70,21.87,59.52,60.00,59.38,12.17
03/05/24,59.52,12309960,-0.29,-0.48,-0.48,64.67,21.81,59.91,60.11,59.42,12.11
03/04/24,59.81,10150240,0.28,0.47,0.47,64.98,22.40,59.23,59.95,59.22,12.66
03/01/24,59.53,10927560,-0.49,-0.82,-0.82,64.68,21.83,59.90,59.90,59.34,12.13
02/29/24,60.02,18152650,-0.38,-0.63,-0.63,65.21,22.83,60.35,60.64,59.90,13.05
02/28/24,60.40,8076536,0.06,0.10,0.10,65.62,23.61,60.37,60.49,60.06,13.77
02/27/24,60.34,9931088,-0.37,-0.61,-0.61,65.56,23.48,60.54,60.78,60.12,13.66
02/26/24,60.71,10336100,-0.49,-0.80,-0.80,65.96,24.24,61.24,61.27,60.66,14.35
02/23/24,61.20,13612910,0.05,0.08,0.08,66.49,25.24,61.09,61.62,61.00,15.28
02/22/24,61.15,12982800,-0.09,-0.15,-0.15,66.44,25.14,60.99,61.25,60.50,15.18
02/21/24,61.24,14378260,0.54,0.89,0.89,66.54,25.33,60.99,61.28,60.83,15.35
02/20/24,60.70,18339320,1.31,2.21,2.21,65.95,24.22,59.60,60.84,59.51,14.33
02/16/24,59.39,13947060,-0.01,-0.02,-0.02,64.53,21.54,59.35,59.62,58.96,11.87
02/15/24,59.40,13695850,0.11,0.19,0.19,64.54,21.56,59.42,59.59,59.13,11.89
02/14/24,59.29,15872450,-0.06,-0.10,-0.10,64.42,21.33,59.17,59.59,59.04,11.68
02/13/24,59.35,24195710,-0.35,-0.59,-0.59,64.48,21.46,59.50,60.66,58.79,11.79
02/12/24,59.70,13516780,0.14,0.24,0.24,64.86,22.17,59.66,59.76,58.96,12.45
02/09/24,59.56,15235250,-0.27,-0.45,-0.45,64.71,21.89,59.47,59.58,59.03,12.19
02/08/24,59.83,12874760,-0.16,-0.27,-0.27,65.00,22.44,59.89,59.97,59.41,12.70
02/07/24,59.99,10259890,0.05,0.08,0.08,65.18,22.77,60.07,60.21,59.94,13.00
02/06/24,59.94,12777150,-0.10,-0.17,-0.17,65.12,22.66,59.96,60.05,59.68,12.90
02/05/24,60.04,12759570,-0.50,-0.83,-0.83,65.23,22.87,60.38,60.38,59.88,13.09
02/02/24,60.54,17544910,-0.44,-0.72,-0.72,65.77,23.89,60.82,60.87,60.23,14.03
02/01/24,60.98,15870880,1.49,2.50,2.50,66.25,24.79,59.57,61.01,59.36,14.86
01/31/24,59.49,22837000,-0.41,-0.68,-0.68,64.63,21.74,60.10,60.45,59.29,12.06
01/30/24,59.90,22061540,0.17,0.28,0.28,65.08,22.58,59.85,60.02,59.45,12.83
01/29/24,59.73,14547070,0.36,0.61,0.61,64.89,22.24,59.34,59.79,59.17,12.51
01/26/24,59.37,13025070,0.21,0.35,0.35,64.50,21.50,59.25,59.49,59.13,11.83
01/25/24,59.16,14899710,0.25,0.42,0.42,64.28,21.07,59.01,59.17,58.66,11.43
01/24/24,58.91,16370480,-0.94,-1.57,-1.57,64.00,20.56,59.80,59.81,58.89,10.96
01/23/24,59.85,14481640,0.28,0.47,0.47,65.03,22.48,59.53,60.00,59.46,12.73
01/22/24,59.57,14314270,-0.26,-0.43,-0.43,64.72,21.91,59.76,60.07,59.44,12.21
01/19/24,59.83,14392600,-0.33,-0.55,-0.55,65.00,22.44,60.26,60.28,59.64,12.70
01/18/24,60.16,10397680,0.17,0.28,0.28,65.36,23.12,59.69,60.23,59.53,13.32
01/17/24,59.99,8982132,,,,65.18,22.77,59.86,60.21,59.82,13.00
01/16/24,59.99,11826910,-0.40,-0.66,-0.66,65.18,22.77,60.39,60.43,59.85,13.00
01/12/24,60.39,13218010,0.58,0.97,0.97,65.61,23.59,60.08,60.46,59.87,13.75
01/11/24,59.81,13754230,-0.39,-0.65,-0.65,64.98,22.40,60.25,60.26,59.69,12.66
01/10/24,60.20,12257980,0.20,0.33,0.33,65.41,23.20,60.22,60.41,59.98,13.39
01/09/24,60.00,10493650,-0.11,-0.18,-0.18,65.19,22.79,59.99,60.14,59.62,13.02
01/08/24,60.11,11554630,0.44,0.74,0.74,65.31,23.01,59.68,60.18,59.42,13.22
01/05/24,59.67,10412800,-0.09,-0.15,-0.15,64.83,22.11,59.80,59.95,59.09,12.39
01/04/24,59.76,12912930,-0.20,-0.33,-0.33,64.93,22.30,60.05,60.26,59.66,12.56
01/03/24,59.96,14830630,0.14,0.23,0.23,65.14,22.71,59.93,60.20,59.76,12.94
01/02/24,59.82,16322590,0.89,1.51,1.51,64.99,22.42,58.80,59.88,58.67,12.68
12/29/23,58.93,9244339,0.18,0.31,0.31,64.03,20.60,58.74,58.98,58.63,11.00
12/28/23,58.75,8400138,0.04,0.07,0.07,63.83,20.23,58.65,58.87,58.53,10.66
12/27/23,58.71,8560060,0.15,0.26,0.26,63.79,20.15,58.64,58.77,58.40,10.59
12/26/23,58.56,6422531,0.24,0.41,0.41,63.62,19.84,58.06,58.71,58.06,10.30
12/22/23,58.32,9029440,0.33,0.57,0.57,63.36,19.35,58.12,58.46,58.02,9.85
12/21/23,57.99,11725120,0.38,0.66,0.66,63.00,18.67,57.85,58.07,57.47,9.23
12/20/23,57.61,17701000,-1.22,-2.07,-2.07,62.59,17.90,58.50,58.67,57.57,8.51
12/19/23,58.83,14612200,-0.19,-0.32,-0.32,63.92,20.39,59.00,59.20,58.64,10.81
12/18/23,59.02,16717660,0.42,0.72,0.72,64.12,20.78,58.80,59.49,58.62,11.17
12/15/23,58.60,65177380,-0.44,-0.75,-0.75,63.67,19.92,58.83,59.17,57.80,10.38
12/14/23,59.04,22478310,-0.89,-1.49,-1.49,64.14,20.82,59.97,60.04,58.77,11.21
12/13/23,59.93,16196750,0.51,0.86,0.86,65.11,22.64,59.45,60.02,59.26,12.88
12/12/23,59.42,12899010,0.38,0.64,0.64,64.56,21.60,59.20,59.42,58.90,11.92
12/11/23,59.04,14524770,0.43,0.73,0.73,64.14,20.82,58.83,59.09,58.50,11.21
12/08/23,58.61,11178670,-0.13,-0.22,-0.22,63.68,19.94,58.74,58.75,58.37,10.40
12/07/23,58.74,11587870,0.14,0.24,0.24,63.82,20.21,58.67,58.89,58.39,10.64
12/06/23,58.60,14868550,-0.06,-0.10,-0.10,63.67,19.92,58.56,58.73,58.21,10.38
12/05/23,58.66,11891510,0.09,0.15,0.15,63.73,20.05,58.55,58.83,58.42,10.49
12/04/23,58.57,14942250,-0.07,-0.12,-0.12,63.63,19.86,58.59,58.96,58.44,10.32
12/01/23,58.64,15371150,0.20,0.34,0.34,63.71,20.00,58.27,58.69,58.24,10.45
11/30/23,58.44,22727490,0.21,0.36,1.15,63.49,19.60,57.96,58.46,57.60,10.08
11/29/23,58.23,11263630,-0.35,-0.60,-0.60,62.77,18.23,58.58,58.67,58.10,9.68
11/28/23,58.58,13739610,0.12,0.21,0.21,63.15,18.95,58.40,58.83,58.36,10.34
11/27/23,58.46,16246510,-0.11,-0.19,-0.19,63.02,18.70,58.54,58.69,58.27,10.11
11/24/23,58.57,4816024,0.15,0.26,0.26,63.14,18.93,58.46,58.75,58.34,10.32
11/22/23,58.42,11327150,0.39,0.67,0.67,62.98,18.62,58.26,58.54,58.13,10.04
11/21/23,58.03,13891650,0.63,1.10,1.10,62.56,17.83,57.46,58.04,57.33,9.30
11/20/23,57.40,13053920,0.14,0.24,0.24,61.88,16.55,57.05,57.58,56.96,8.12
11/17/23,57.26,14476630,0.11,0.19,0.19,61.73,16.27,57.19,57.34,56.70,7.85
11/16/23,57.15,16010450,-0.06,-0.10,-0.10,61.61,16.04,57.25,57.53,56.81,7.65
11/15/23,57.21,10201860,0.11,0.19,0.19,61.67,16.16,57.30,57.34,56.75,7.76
11/14/23,57.10,12697070,0.17,0.30,0.30,61.55,15.94,57.02,57.24,56.81,7.55
11/13/23,56.93,12798180,0.21,0.37,0.37,61.37,15.60,56.62,57.10,56.60,7.23
11/10/23,56.72,11680430,0.06,0.11,0.11,61.14,15.17,56.87,56.93,56.06,6.84
11/09/23,56.66,12021090,-0.43,-0.75,-0.75,61.08,15.05,57.03,57.14,56.37,6.72
11/08/23,57.09,13744010,-0.09,-0.16,-0.16,61.54,15.92,57.32,57.47,56.92,7.53
11/07/23,57.18,10449300,0.21,0.37,0.37,61.64,16.10,56.92,57.40,56.73,7.70
11/06/23,56.97,12673190,0.23,0.41,0.41,61.41,15.68,56.78,57.28,56.74,7.31
11/03/23,56.74,13958730,-0.35,-0.61,-0.61,61.16,15.21,57.40,57.59,56.70,6.88
11/02/23,57.09,13087240,0.65,1.15,1.15,61.54,15.92,56.50,57.15,56.36,7.53
11/01/23,56.44,14110800,-0.05,-0.09,-0.09,60.84,14.60,56.80,56.88,56.26,6.31
10/31/23,56.49,16639380,0.34,0.61,0.61,60.90,14.70,56.57,56.72,56.15,6.40
10/30/23,56.15,15014290,0.91,1.65,1.65,60.53,14.01,55.43,56.28,55.42,5.76
10/27/23,55.24,13626520,-0.54,-0.97,-0.97,59.55,12.16,55.55,56.14,55.10,4.05
10/26/23,55.78,16228390,-0.34,-0.61,-0.61,60.13,13.26,56.37,56.63,55.72,5.07
10/25/23,56.12,16701020,0.48,0.86,0.86,60.50,13.95,55.76,56.22,55.56,5.71
10/24/23,55.64,25290850,1.56,2.88,2.88,59.98,12.98,55.65,56.17,55.30,4.80
10/23/23,54.08,21212650,-0.49,-0.90,-0.90,58.30,9.81,54.38,54.89,54.05,1.86
10/20/23,54.57,15686350,0.22,0.40,0.40,58.83,10.80,54.53,55.02,54.44,2.79
10/19/23,54.35,16202190,0.30,0.56,0.56,58.59,10.36,54.16,54.76,53.86,2.37
10/18/23,54.05,12809450,-0.02,-0.04,-0.04,58.26,9.75,54.10,54.53,53.92,1.81
10/17/23,54.07,16457190,0.64,1.20,1.20,58.29,9.79,53.31,54.10,53.21,1.85
10/16/23,53.43,12816820,0.54,1.02,1.02,57.60,8.49,53.02,53.56,52.84,0.64
10/13/23,52.89,14526990,0.08,0.15,0.15,57.01,7.39,52.74,53.42,52.64,-0.38
10/12/23,52.81,19330360,-0.90,-1.68,-1.68,56.93,7.23,53.76,53.83,52.43,-0.53
10/11/23,53.71,21138930,-0.32,-0.59,-0.59,57.90,9.06,54.22,54.28,53.02,1.17
10/10/23,54.03,20909680,1.15,2.17,2.17,58.24,9.71,54.13,54.33,53.56,1.77
10/09/23,52.88,15704750,-0.26,-0.49,-0.49,57.00,7.37,52.96,53.15,52.11,-0.40
10/06/23,53.14,30298870,0.76,1.45,1.45,57.28,7.90,52.04,53.29,51.55,0.09
10/05/23,52.38,29878070,-2.66,-4.83,-4.83,56.46,6.36,54.74,54.95,52.24,-1.34
10/04/23,55.04,12100520,0.16,0.29,0.29,59.33,11.76,54.89,55.28,54.71,3.67
10/03/23,54.88,13604200,-0.60,-1.08,-1.08,59.16,11.43,55.16,55.43,54.78,3.37
10/02/23,55.48,11792500,-0.50,-0.89,-0.89,59.81,12.65,55.91,56.01,55.08,4.50
09/29/23,55.98,12271560,0.17,0.30,0.30,60.35,13.67,56.14,56.27,55.62,5.44
09/28/23,55.81,12484770,-0.14,-0.25,-0.25,60.16,13.32,56.23,56.32,55.70,5.12
09/27/23,55.95,13766300,-0.58,-1.03,-1.03,60.31,13.61,56.42,56.53,55.68,5.39
09/26/23,56.53,11194700,-0.47,-0.82,-0.82,60.94,14.78,56.73,56.90,56.40,6.48
09/25/23,57.00,12358820,-0.60,-1.04,-1.04,61.44,15.74,57.40,57.49,56.74,7.36
09/22/23,57.60,14645390,0.06,0.10,0.10,62.09,16.96,57.85,57.97,57.50,8.50
09/21/23,57.54,15945820,-0.90,-1.54,-1.54,62.03,16.83,58.37,58.42,57.42,8.38
09/20/23,58.44,14767920,0.26,0.45,0.45,63.00,18.66,58.30,58.83,58.08,10.08
09/19/23,58.18,12000090,-0.12,-0.21,-0.21,62.72,18.13,58.26,58.39,57.92,9.59
09/18/23,58.30,13617370,0.36,0.62,0.62,62.85,18.38,57.98,58.35,57.63,9.81
09/15/23,57.94,55727510,-0.52,-0.89,-0.89,62.46,17.65,58.41,58.64,57.75,9.14
09/14/23,58.46,12311580,0.02,0.03,0.82,63.02,18.70,58.24,58.59,58.19,10.11
09/13/23,58.44,12641370,0.14,0.24,0.24,62.51,17.73,58.40,58.68,58.34,10.08
09/12/23,58.30,12292720,-0.58,-0.99,-0.99,62.36,17.45,58.99,59.00,58.19,9.81
09/11/23,58.88,14767420,0.55,0.94,0.94,62.98,18.62,58.40,58.99,58.23,10.91
09/08/23,58.33,14332810,,,,62.39,17.51,58.30,58.41,58.01,9.87
09/07/23,58.33,17628590,-0.45,-0.77,-0.77,62.39,17.51,58.95,59.16,58.30,9.87
09/06/23,58.78,13923550,-0.04,-0.07,-0.07,62.87,18.42,58.62,58.83,58.42,10.72
09/05/23,58.82,12474640,-0.49,-0.83,-0.83,62.91,18.50,59.25,59.32,58.67,10.79
09/01/23,59.31,11262280,-0.52,-0.87,-0.87,63.44,19.49,60.00,60.13,59.12,11.72
08/31/23,59.83,14663460,-0.64,-1.06,-1.06,63.99,20.54,60.30,60.47,59.81,12.70
08/30/23,60.47,9447912,-0.03,-0.05,-0.05,64.68,21.82,60.64,60.74,60.29,13.90
08/29/23,60.50,8189592,-0.06,-0.10,-0.10,64.71,21.88,60.56,60.63,60.15,13.96
08/28/23,60.56,6254255,0.17,0.28,0.28,64.77,22.01,60.55,60.73,60.37,14.07
08/25/23,60.39,7629222,0.28,0.47,0.47,64.59,21.66,60.41,60.57,60.01,13.75
08/24/23,60.11,8955130,-0.16,-0.27,-0.27,64.29,21.10,60.27,60.88,60.09,13.22
08/23/23,60.27,7749490,0.21,0.35,0.35,64.46,21.42,60.20,60.44,60.16,13.52
08/22/23,60.06,9412208,-0.37,-0.61,-0.61,64.24,21.00,60.34,60.58,59.98,13.13
08/21/23,60.43,8648519,-0.52,-0.85,-0.85,64.63,21.74,60.86,60.93,60.32,13.83
08/18/23,60.95,11083770,0.34,0.56,0.56,65.19,22.79,60.54,61.09,60.37,14.81
08/17/23,60.61,12873500,0.13,0.21,0.21,64.83,22.11,60.58,61.02,60.45,14.16
08/16/23,60.48,8372266,0.01,0.02,0.02,64.69,21.84,60.54,60.82,60.40,13.92
08/15/23,60.47,7187444,-0.41,-0.67,-0.67,64.68,21.82,60.69,60.90,60.37,13.90
08/14/23,60.88,7176291,-0.29,-0.47,-0.47,65.12,22.65,61.32,61.48,60.75,14.67
08/11/23,61.17,8483912,0.25,0.41,0.41,65.43,23.23,60.84,61.20,60.69,15.22
08/10/23,60.92,7870314,-0.14,-0.23,-0.23,65.16,22.73,61.35,61.73,60.79,14.75
08/09/23,61.06,7904067,0.14,0.23,0.23,65.31,23.01,60.91,61.63,60.75,15.01
08/08/23,60.92,7956064,-0.27,-0.44,-0.44,65.16,22.73,61.19,61.35,60.62,14.75
08/07/23,61.19,6982647,0.48,0.79,0.79,65.45,23.28,60.79,61.33,60.74,15.26
08/04/23,60.71,9359298,-0.93,-1.51,-1.51,64.93,22.31,61.68,61.89,60.62,14.35
08/03/23,61.64,8039062,-0.32,-0.52,-0.52,65.93,24.18,61.87,62.12,61.53,16.10
08/02/23,61.96,11061080,0.19,0.31,0.31,66.27,24.83,61.56,62.59,61.56,16.71
08/01/23,61.77,9283438,-0.16,-0.26,-0.26,66.07,24.44,62.09,62.36,61.62,16.35
07/31/23,61.93,15584500,-0.55,-0.88,-0.88,66.24,24.77,62.45,62.45,61.73,16.65
07/28/23,62.48,9723263,0.04,0.06,0.06,66.83,25.87,62.59,62.77,62.22,17.69
07/27/23,62.44,11517110,-0.61,-0.97,-0.97,66.78,25.79,63.05,63.27,62.38,17.61
07/26/23,63.05,17145520,0.80,1.29,1.29,67.44,27.02,61.86,63.17,61.39,18.76
07/25/23,62.25,13422660,-0.21,-0.34,-0.34,66.58,25.41,62.30,62.39,62.05,17.25
07/24/23,62.46,10251140,0.02,0.03,0.03,66.81,25.83,62.42,62.81,62.40,17.65
07/21/23,62.44,12815070,0.05,0.08,0.08,66.78,25.79,62.46,62.68,62.24,17.61
07/20/23,62.39,11563020,0.75,1.22,1.22,66.73,25.69,61.68,62.41,61.67,17.52
07/19/23,61.64,12936040,1.07,1.77,1.77,65.93,24.18,60.77,61.79,60.68,16.10
07/18/23,60.57,11152930,-0.24,-0.39,-0.39,64.78,22.03,60.96,61.25,60.41,14.09
07/17/23,60.81,10015420,-0.09,-0.15,-0.15,65.04,22.51,60.76,61.10,60.49,14.54
07/14/23,60.90,11634210,0.55,0.91,0.91,65.14,22.69,60.14,61.04,60.09,14.71
07/13/23,60.35,11269750,0.51,0.85,0.85,64.55,21.58,60.12,60.46,59.98,13.67
07/12/23,59.84,14241270,0.32,0.54,0.54,64.00,20.56,59.75,60.05,59.45,12.71
07/11/23,59.52,15970130,0.21,0.35,0.35,63.66,19.91,59.46,59.56,58.84,12.11
07/10/23,59.31,15480650,-0.45,-0.75,-0.75,63.44,19.49,59.97,60.15,59.14,11.72
07/07/23,59.76,14573960,-0.80,-1.32,-1.32,63.92,20.39,60.31,60.50,59.73,12.56
07/06/23,60.56,12604350,-0.47,-0.77,-0.77,64.77,22.01,60.73,61.02,60.50,14.07
07/05/23,61.03,14717680,0.45,0.74,0.74,65.28,22.95,60.28,61.10,60.16,14.96
07/03/23,60.58,9694520,0.36,0.60,0.60,64.79,22.05,60.20,60.63,60.03,14.11
06/30/23,60.22,19739190,0.20,0.33,0.33,64.41,21.32,60.00,60.35,59.87,13.43
06/29/23,60.02,17142310,-0.50,-0.83,-0.83,64.20,20.92,60.22,60.35,59.77,13.05
06/28/23,60.52,11173180,-0.57,-0.93,-0.93,64.73,21.93,60.88,61.04,60.40,14.00
06/27/23,61.09,9068545,-0.13,-0.21,-0.21,65.34,23.07,61.22,61.36,60.98,15.07
06/26/23,61.22,12856070,0.02,0.03,0.03,65.48,23.34,61.21,61.29,60.39,15.31
06/23/23,61.20,25112060,-0.65,-1.05,-1.05,65.46,23.30,61.94,61.97,61.18,15.28
06/22/23,61.85,15194160,0.42,0.68,0.68,66.15,24.60,61.81,62.10,61.59,16.50
06/21/23,61.43,13948670,0.17,0.28,0.28,65.70,23.76,61.31,61.72,60.98,15.71
06/20/23,61.26,13973440,-0.41,-0.66,-0.66,65.52,23.42,61.59,61.96,61.24,15.39
06/16/23,61.67,26737980,0.44,0.72,0.72,65.96,24.24,61.60,62.17,61.48,16.16
06/15/23,61.23,15271390,0.37,0.61,1.36,65.49,23.36,60.61,61.30,60.34,15.33
06/14/23,60.86,14099680,0.41,0.68,0.68,64.61,21.70,60.73,61.08,60.60,14.64
06/13/23,60.45,13397780,0.24,0.40,0.40,64.17,20.88,60.21,60.67,60.04,13.86
06/12/23,60.21,14220960,-0.26,-0.43,-0.43,63.92,20.40,60.59,60.65,60.02,13.41
06/09/23,60.47,12582570,0.10,0.17,0.17,64.19,20.92,60.27,60.67,60.17,13.90
06/08/23,60.37,15589980,0.15,0.25,0.25,64.09,20.72,60.13,60.41,59.98,13.71
06/07/23,60.22,16817910,-0.09,-0.15,-0.15,63.93,20.42,60.01,60.36,59.82,13.43
06/06/23,60.31,10943520,-0.44,-0.72,-0.72,64.02,20.60,60.95,60.99,60.12,13.60
06/05/23,60.75,13913363,-0.41,-0.67,-0.67,64.49,21.48,61.00,61.44,60.55,14.43
06/02/23,61.16,15259850,1.16,1.93,1.93,64.93,22.30,60.27,61.32,60.08,15.20
06/01/23,60.00,13402680,0.34,0.57,0.57,63.70,19.98,59.94,60.17,59.77,13.02
05/31/23,59.66,59432168,-0.12,-0.20,-0.20,63.33,19.30,59.92,60.28,59.37,12.38
05/30/23,59.78,15634210,-0.48,-0.80,-0.80,63.46,19.54,60.09,60.20,59.52,12.60
05/26/23,60.26,12570280,-0.15,-0.25,-0.25,63.97,20.50,60.45,60.64,60.11,13.51
05/25/23,60.41,14463630,-0.47,-0.77,-0.77,64.13,20.80,60.47,60.73,60.15,13.79
05/24/23,60.88,11090130,-0.52,-0.85,-0.85,64.63,21.74,61.38,61.43,60.72,14.67
05/23/23,61.40,13932720,-0.11,-0.18,-0.18,65.18,22.78,61.51,61.67,61.17,15.65
05/22/23,61.51,15055370,-1.32,-2.10,-2.10,65.30,23.00,62.79,62.87,61.44,15.86
05/19/23,62.83,14251360,0.03,0.05,0.05,66.70,25.64,63.04,63.10,62.61,18.35
05/18/23,62.80,13595050,-0.35,-0.55,-0.55,66.67,25.58,63.01,63.04,62.57,18.29
05/17/23,63.15,11582950,-0.07,-0.11,-0.11,67.04,26.28,63.40,63.42,62.73,18.95
05/16/23,63.22,9130361,-0.72,-1.13,-1.13,67.11,26.41,63.90,63.90,63.16,19.08
05/15/23,63.94,8149993,-0.17,-0.27,-0.27,67.88,27.85,64.22,64.25,63.71,20.44
05/12/23,64.11,8740752,0.25,0.39,0.39,68.06,28.19,63.86,64.19,63.70,20.76
05/11/23,63.86,9581525,0.36,0.57,0.57,67.79,27.69,63.58,63.93,63.01,20.29
05/10/23,63.50,10134030,0.11,0.17,0.17,67.41,26.97,63.32,63.64,62.99,19.61
05/09/23,63.39,9067653,-0.53,-0.83,-0.83,67.29,26.75,63.64,63.75,63.28,19.40
05/08/23,63.92,7240719,-0.10,-0.16,-0.16,67.86,27.81,63.81,64.06,63.61,20.40
05/05/23,64.02,9039023,0.30,0.47,0.47,67.96,28.01,63.64,64.21,63.63,20.59
05/04/23,63.72,11938310,0.07,0.11,0.11,67.64,27.41,63.74,63.93,63.51,20.02
05/03/23,63.65,11084590,-0.36,-0.56,-0.56,67.57,27.27,64.02,64.18,63.58,19.89
05/02/23,64.01,10948420,-0.29,-0.45,-0.45,67.95,27.99,64.14,64.14,63.27,20.57
05/01/23,64.30,9091540,0.15,0.23,0.23,68.26,28.57,64.15,64.69,64.06,21.12
04/28/23,64.15,13687620,0.47,0.74,0.74,68.10,28.27,63.61,64.16,63.48,20.83
04/27/23,63.68,13795820,0.13,0.20,0.20,67.60,27.33,63.53,63.76,63.11,19.95
04/26/23,63.55,13179560,-0.30,-0.47,-0.47,67.46,27.07,63.56,63.77,63.39,19.70
04/25/23,63.85,12818860,-0.10,-0.16,-0.16,67.78,27.67,64.17,64.17,63.63,20.27
04/24/23,63.95,15532270,-0.10,-0.16,-0.16,67.89,27.87,64.75,64.99,63.62,20.46
04/21/23,64.05,12931100,0.09,0.14,0.14,67.99,28.07,64.00,64.27,63.80,20.64
04/20/23,63.96,10706390,0.28,0.44,0.44,67.90,27.89,63.63,64.00,63.44,20.47
04/19/23,63.68,9769543,0.12,0.19,0.19,67.60,27.33,63.73,63.83,63.43,19.95
04/18/23,63.56,9035679,0.10,0.16,0.16,67.47,27.09,63.51,63.60,63.19,19.72
04/17/23,63.46,9452394,0.41,0.65,0.65,67.37,26.89,63.32,63.53,63.14,19.53
04/14/23,63.05,8946011,-0.10,-0.16,-0.16,66.93,26.08,63.05,63.15,62.78,18.76
04/13/23,63.15,9871424,0.46,0.73,0.73,67.04,26.28,62.76,63.16,62.48,18.95
04/12/23,62.69,9593704,0.11,0.18,0.18,66.55,25.36,62.48,63.03,62.31,18.08
04/11/23,62.58,9913049,-0.11,-0.18,-0.18,66.43,25.14,62.65,62.71,62.40,17.88
04/10/23,62.69,7952575,-0.15,-0.24,-0.24,66.55,25.36,62.49,62.69,62.02,18.08
04/06/23,62.84,9644204,0.04,0.06,0.06,66.71,25.66,62.86,63.04,62.38,18.37
04/05/23,62.80,12789550,0.59,0.95,0.95,66.67,25.58,62.53,63.02,62.50,18.29
04/04/23,62.21,11433400,-0.19,-0.30,-0.30,66.04,24.40,62.39,62.74,62.08,17.18
04/03/23,62.40,12300660,0.37,0.60,0.60,66.24,24.78,62.30,62.52,61.86,17.54
03/31/23,62.03,14440890,0.18,0.29,0.29,65.85,24.04,62.06,62.25,61.87,16.84
03/30/23,61.85,9870659,-0.01,-0.02,-0.02,65.66,23.68,61.88,62.09,61.66,16.50
03/29/23,61.86,9441019,0.44,0.72,0.72,65.67,23.70,61.72,61.95,61.59,16.52
03/28/23,61.42,10925740,0.07,0.11,0.11,65.20,22.82,61.39,61.74,61.27,15.69
03/27/23,61.35,12777400,0.45,0.74,0.74,65.13,22.68,61.14,61.48,60.95,15.56
03/24/23,60.90,12977610,0.98,1.64,1.64,64.65,21.78,60.25,61.02,59.91,14.71
03/23/23,59.92,15479000,-0.13,-0.22,-0.22,63.61,19.82,60.09,60.39,59.72,12.86
03/22/23,60.05,10494210,-0.27,-0.45,-0.45,63.75,20.08,60.40,60.87,60.03,13.11
03/21/23,60.32,13716480,-0.28,-0.46,-0.46,64.04,20.62,60.57,60.75,59.88,13.62
03/20/23,60.60,12904120,0.58,0.97,0.97,64.33,21.18,60.16,60.60,59.97,14.15
03/17/23,60.02,27351230,-0.28,-0.46,-0.46,63.72,20.02,60.31,60.35,59.64,13.05
03/16/23,60.30,15658970,-0.13,-0.22,0.55,64.01,20.58,60.09,60.34,59.70,13.58
03/15/23,60.43,21089910,0.40,0.67,0.67,63.67,19.92,59.43,60.48,59.24,13.83
03/14/23,60.03,19496900,0.22,0.37,0.37,63.24,19.13,60.00,60.46,59.35,13.07
03/13/23,59.81,21956010,0.60,1.01,1.01,63.01,18.69,59.29,60.87,59.25,12.66
03/10/23,59.21,13745840,-0.25,-0.42,-0.42,62.38,17.50,59.70,60.14,58.99,11.53
03/09/23,59.46,13900860,-0.58,-0.97,-0.97,62.64,18.00,60.54,60.54,59.28,12.00
03/08/23,60.04,10851580,0.03,0.05,0.05,63.26,19.15,60.04,60.33,59.73,13.09
03/07/23,60.01,13961200,-0.35,-0.58,-0.58,63.22,19.09,60.49,60.57,59.75,13.03
03/06/23,60.36,16282680,0.92,1.55,1.55,63.59,19.78,59.26,60.38,59.22,13.69
03/03/23,59.44,13101770,-0.28,-0.47,-0.47,62.62,17.96,59.55,59.68,59.21,11.96
03/02/23,59.72,11772110,0.86,1.46,1.46,62.92,18.51,58.84,59.78,58.80,12.49
03/01/23,58.86,13275810,-0.65,-1.09,-1.09,62.01,16.81,59.13,59.18,58.37,10.87
02/28/23,59.51,16082220,-0.31,-0.52,-0.52,62.70,18.10,59.70,59.70,59.14,12.09
02/27/23,59.82,8849821,-0.02,-0.03,-0.03,63.02,18.71,60.18,60.30,59.74,12.68
02/24/23,59.84,9736249,-0.25,-0.42,-0.42,63.04,18.75,59.68,59.91,59.39,12.71
02/23/23,60.09,12222830,0.11,0.18,0.18,63.31,19.25,60.01,60.42,59.81,13.19
02/22/23,59.98,12409560,0.18,0.30,0.30,63.19,19.03,59.85,60.36,59.75,12.98
02/21/23,59.80,14278310,-0.32,-0.53,-0.53,63.00,18.67,59.99,60.23,59.72,12.64
02/17/23,60.12,16814650,0.90,1.52,1.52,63.34,19.31,59.50,60.23,59.38,13.24
02/16/23,59.22,16538280,-0.37,-0.62,-0.62,62.39,17.52,59.23,59.82,58.95,11.55
02/15/23,59.59,13172700,,,,62.78,18.25,59.90,59.93,59.23,12.24
02/14/23,59.59,20505680,-1.01,-1.67,-1.67,62.78,18.25,60.21,60.90,59.56,12.24
02/13/23,60.60,16191790,0.98,1.64,1.64,63.85,20.26,59.90,60.76,59.73,14.15
02/10/23,59.62,14420660,,,,62.81,18.31,59.72,59.90,58.88,12.30
02/09/23,59.62,12515310,-0.10,-0.17,-0.17,62.81,18.31,60.15,60.32,59.60,12.30
02/08/23,59.72,11012020,-0.35,-0.58,-0.58,62.92,18.51,59.92,59.92,59.59,12.49
02/07/23,60.07,14922740,-0.10,-0.17,-0.17,63.29,19.21,59.67,60.24,59.54,13.15
02/06/23,60.17,11330900,0.34,0.57,0.57,63.39,19.41,59.79,60.34,59.72,13.34
02/03/23,59.83,15404440,-0.45,-0.75,-0.75,63.03,18.73,60.35,60.42,59.23,12.70
02/02/23,60.28,16947220,-1.05,-1.71,-1.71,63.51,19.62,60.80,61.02,59.91,13.54
02/01/23,61.33,12535440,0.01,0.02,0.02,64.61,21.71,61.14,61.58,60.62,15.52
01/31/23,61.32,14344380,0.68,1.12,1.12,64.60,21.69,60.98,61.34,60.51,15.50
01/30/23,60.64,15632010,0.15,0.25,0.25,63.89,20.34,60.54,61.17,60.46,14.22
01/27/23,60.49,14087040,-0.32,-0.53,-0.53,63.73,20.04,60.84,60.96,60.37,13.94
01/26/23,60.81,11884830,-0.12,-0.20,-0.20,64.07,20.68,60.81,61.10,60.57,14.54
01/25/23,60.93,11265840,0.38,0.63,0.63,64.19,20.91,60.20,60.94,59.89,14.77
01/24/23,60.55,10103310,0.32,0.53,0.53,63.79,20.16,60.08,61.85,59.80,14.05
01/23/23,60.23,12613430,0.15,0.25,0.25,63.46,19.52,60.28,60.57,60.05,13.45
01/20/23,60.08,14237700,0.36,0.60,0.60,63.30,19.23,59.72,60.09,59.40,13.17
01/19/23,59.72,14894460,-0.09,-0.15,-0.15,62.92,18.51,59.73,60.64,59.71,12.49
01/18/23,59.81,19679440,-1.87,-3.03,-3.03,63.01,18.69,61.51,61.59,59.68,12.66
01/17/23,61.68,18327780,0.25,0.41,0.41,64.98,22.40,61.73,62.38,61.56,16.18
01/13/23,61.43,13986360,0.22,0.36,0.36,64.72,21.91,60.70,61.46,60.59,15.71
01/12/23,61.21,13907330,-0.80,-1.29,-1.29,64.49,21.47,62.11,62.18,60.97,15.29
01/11/23,62.01,10823000,-0.12,-0.19,-0.19,65.33,23.06,62.38,62.56,61.41,16.80
01/10/23,62.13,10134610,-0.48,-0.77,-0.77,65.46,23.29,62.60,62.73,61.92,17.03
01/09/23,62.61,9442623,-0.79,-1.25,-1.25,65.96,24.25,63.30,63.72,62.58,17.93
01/06/23,63.40,9989986,1.20,1.93,1.93,66.80,25.82,62.91,63.67,62.58,19.42
01/05/23,62.20,9814674,-0.72,-1.14,-1.14,65.53,23.43,62.60,62.80,62.08,17.16
01/04/23,62.92,13387920,-0.03,-0.05,-0.05,66.29,24.86,63.15,63.33,62.51,18.52
01/03/23,62.95,12180510,-0.66,-1.04,-1.04,66.32,24.92,63.56,63.56,62.18,18.57
12/30/22,63.61,7650228,-0.34,-0.53,-0.53,67.02,26.23,63.92,63.92,63.17,19.82
12/29/22,63.95,7169256,0.38,0.60,0.60,67.37,26.91,63.80,64.15,63.70,20.46
12/28/22,63.57,7159417,-0.64,-1.00,-1.00,66.97,26.15,64.46,64.65,63.49,19.74
12/27/22,64.21,7320717,0.39,0.61,0.61,67.65,27.42,63.93,64.29,63.71,20.95
12/23/22,63.82,6463261,0.48,0.76,0.76,67.24,26.65,63.50,63.87,63.20,20.21
12/22/22,63.34,9668107,-0.46,-0.72,-0.72,66.73,25.70,63.42,63.59,62.65,19.31
12/21/22,63.80,10411290,1.01,1.61,1.61,67.22,26.61,63.07,64.05,63.07,20.17
12/20/22,62.79,10286480,-0.05,-0.08,-0.08,66.15,24.60,62.82,63.15,62.75,18.27
12/19/22,62.84,10919730,0.09,0.14,0.14,66.21,24.70,62.83,63.41,62.47,18.37
12/16/22,62.75,33631527,-0.36,-0.57,-0.57,66.11,24.53,62.75,63.14,62.33,18.20
12/15/22,63.11,12213290,-0.88,-1.38,-1.38,66.49,25.24,63.59,63.89,62.49,18.87
12/14/22,63.99,12826650,,,,67.42,26.99,64.19,64.65,63.57,20.53
12/13/22,63.99,17521550,0.02,0.03,0.03,67.42,26.99,64.59,64.70,63.80,20.53
12/12/22,63.97,11647900,0.83,1.31,1.31,67.40,26.95,63.30,64.01,63.01,20.49
12/09/22,63.14,13914860,-0.67,-1.05,-1.05,66.52,25.30,63.61,63.84,63.09,18.93
12/08/22,63.81,9946173,0.27,0.42,0.42,67.23,26.63,63.60,63.85,63.35,20.19
12/07/22,63.54,12307610,0.10,0.16,0.16,66.94,26.09,63.45,63.72,63.25,19.68
12/06/22,63.44,10099530,-0.03,-0.05,-0.05,66.84,25.89,63.52,63.88,63.23,19.50
12/05/22,63.47,9185090,-0.88,-1.37,-1.37,66.87,25.95,63.41,63.80,63.26,19.55
12/02/22,64.35,13643450,0.56,0.88,0.88,67.80,27.70,63.61,64.52,63.40,21.21
12/01/22,63.79,12001360,0.18,0.28,0.28,67.21,26.59,63.61,64.11,63.43,20.15
11/30/22,63.61,30433940,1.13,1.81,2.51,67.02,26.23,62.01,63.68,61.75,19.82
11/29/22,62.48,10969560,-0.22,-0.35,-0.35,65.37,23.14,62.52,62.57,61.98,17.69
11/28/22,62.70,12268000,0.01,0.02,0.02,65.60,23.57,62.69,63.10,62.56,18.10
11/25/22,62.69,5165499,0.06,0.10,0.10,65.59,23.55,62.73,62.81,62.38,18.08
11/23/22,62.63,8990385,0.28,0.45,0.45,65.53,23.43,62.49,62.79,62.30,17.97
11/22/22,62.35,12319640,0.27,0.43,0.43,65.24,22.88,62.47,62.50,62.05,17.44
11/21/22,62.08,15399350,0.94,1.54,1.54,64.96,22.35,61.41,62.21,61.20,16.93
11/18/22,61.14,10415640,0.43,0.71,0.71,63.97,20.50,60.99,61.37,60.80,15.16
11/17/22,60.71,11220300,0.19,0.31,0.31,63.52,19.65,60.19,60.74,60.13,14.35
11/16/22,60.52,14199490,-0.11,-0.18,-0.18,63.32,19.27,60.79,61.03,60.29,14.00
11/15/22,60.63,13295840,-0.10,-0.16,-0.16,63.44,19.49,61.13,61.45,60.00,14.20
11/14/22,60.73,16361030,-0.59,-0.96,-0.96,63.54,19.69,61.32,61.72,60.71,14.39
11/11/22,61.32,18972080,0.44,0.72,0.72,64.16,20.85,61.37,61.45,60.21,15.50
11/10/22,60.88,16804850,2.11,3.59,3.59,63.70,19.98,60.25,61.04,59.68,14.67
11/09/22,58.77,10115160,-0.83,-1.39,-1.39,61.49,15.83,59.59,59.64,58.75,10.70
11/08/22,59.60,10081650,0.11,0.18,0.18,62.36,17.46,59.75,59.79,58.94,12.26
11/07/22,59.49,8849704,0.23,0.39,0.39,62.25,17.24,59.26,59.77,59.24,12.06
11/04/22,59.26,9726126,0.48,0.82,0.82,62.00,16.79,59.30,59.59,58.56,11.62
11/03/22,58.78,9193970,-0.03,-0.05,-0.05,61.50,15.85,58.11,59.00,58.10,10.72
11/02/22,58.81,14551130,-0.83,-1.39,-1.39,61.53,15.90,59.64,60.23,58.77,10.77
11/01/22,59.64,10659460,-0.21,-0.35,-0.35,62.40,17.54,60.03,60.29,59.37,12.34
10/31/22,59.85,14016380,-0.91,-1.50,-1.50,62.62,17.95,60.51,60.57,59.67,12.73
10/28/22,60.76,12888860,1.23,2.07,2.07,63.57,19.75,59.57,60.91,59.47,14.45
10/27/22,59.53,16026120,0.14,0.24,0.24,62.29,17.32,59.77,59.84,59.38,12.13
10/26/22,59.39,15841370,0.44,0.75,0.75,62.14,17.05,59.01,59.78,58.86,11.87
10/25/22,58.95,28829930,1.38,2.40,2.40,61.68,16.18,59.04,59.11,57.75,11.04
10/24/22,57.57,17416680,1.61,2.88,2.88,60.24,13.46,56.64,57.73,56.57,8.44
10/21/22,55.96,15034050,0.88,1.60,1.60,58.55,10.29,55.00,56.11,54.99,5.41
10/20/22,55.08,16905150,-0.88,-1.57,-1.57,57.63,8.55,55.77,55.92,54.96,3.75
10/19/22,55.96,10182290,-0.48,-0.85,-0.85,58.55,10.29,56.31,56.54,55.73,5.41
10/18/22,56.44,11823120,0.75,1.35,1.35,59.05,11.23,56.31,56.78,56.10,6.31
10/17/22,55.69,13721430,0.71,1.29,1.29,58.27,9.76,55.63,56.22,55.57,4.90
10/14/22,54.98,16001400,-0.89,-1.59,-1.59,57.53,8.36,56.29,56.47,54.94,3.56
10/13/22,55.87,16220720,0.73,1.32,1.32,58.46,10.11,54.48,56.08,54.26,5.24
10/12/22,55.14,18377450,0.66,1.21,1.21,57.69,8.67,55.23,56.04,55.04,3.86
10/11/22,54.48,14303920,0.09,0.17,0.17,57.00,7.37,54.46,55.22,54.24,2.62
10/10/22,54.39,10239120,-0.12,-0.22,-0.22,56.91,7.19,54.60,54.96,54.02,2.45
10/07/22,54.51,11479800,-0.52,-0.94,-0.94,57.03,7.43,54.99,55.09,54.25,2.67
10/06/22,55.03,17192840,-1.21,-2.15,-2.15,57.58,8.45,56.00,56.10,54.87,3.65
10/05/22,56.24,14324850,-0.54,-0.95,-0.95,58.84,10.84,56.50,56.65,55.51,5.93
10/04/22,56.78,18861430,0.13,0.23,0.23,59.41,11.90,56.95,57.81,56.46,6.95
10/03/22,56.65,16277620,0.63,1.12,1.12,59.27,11.65,56.36,56.85,56.06,6.71
09/30/22,56.02,16124620,-0.55,-0.97,-0.97,58.61,10.41,56.87,57.13,56.00,5.52
09/29/22,56.57,14570700,-0.41,-0.72,-0.72,59.19,11.49,57.09,57.29,56.00,6.55
09/28/22,56.98,21480150,0.60,1.06,1.06,59.62,12.30,56.66,57.25,55.91,7.33
09/27/22,56.38,23829350,-1.49,-2.57,-2.57,58.99,11.12,58.08,58.37,56.31,6.20
09/26/22,57.87,18670050,-0.73,-1.25,-1.25,60.55,14.05,58.49,58.57,57.69,9.00
09/23/22,58.60,14824050,-0.66,-1.11,-1.11,61.31,15.49,58.96,59.10,58.00,10.38
09/22/22,59.26,11657600,-0.14,-0.24,-0.24,62.00,16.79,59.55,59.73,59.20,11.62
09/21/22,59.40,14165340,-0.50,-0.83,-0.83,62.15,17.07,60.14,60.70,59.39,11.89
09/20/22,59.90,11984610,-0.09,-0.15,-0.15,62.67,18.05,59.68,60.03,59.32,12.83
09/19/22,59.99,12596250,0.45,0.76,0.76,62.77,18.23,59.39,60.10,59.23,13.00
09/16/22,59.54,20493540,0.01,0.02,0.02,62.30,17.34,59.66,59.80,59.11,12.15
09/15/22,59.53,11451930,-1.26,-2.07,-1.35,62.29,17.32,60.40,60.40,59.36,12.13
09/14/22,60.79,12881590,0.32,0.53,0.53,63.14,18.93,60.64,61.08,60.44,14.50
09/13/22,60.47,18532830,-2.03,-3.25,-3.25,62.81,18.30,62.20,62.22,60.28,13.90
09/12/22,62.50,13026940,0.18,0.29,0.29,64.91,22.27,62.43,62.81,62.27,17.72
09/09/22,62.32,11855890,0.20,0.32,0.32,64.73,21.92,62.17,62.88,61.86,17.39
09/08/22,62.12,17193460,-0.19,-0.30,-0.30,64.52,21.53,62.08,62.30,61.34,17.01
09/07/22,62.31,13290710,1.13,1.85,1.85,64.72,21.90,61.32,62.49,61.32,17.37
09/06/22,61.18,12181820,0.03,0.05,0.05,63.54,19.69,61.29,61.97,60.99,15.24
09/02/22,61.15,11809820,-0.85,-1.37,-1.37,63.51,19.63,62.39,62.77,60.90,15.18
09/01/22,62.00,14939680,0.29,0.47,0.47,64.40,21.30,61.58,62.04,61.29,16.78
08/31/22,61.71,14633570,-0.44,-0.71,-0.71,64.09,20.73,62.38,62.53,61.70,16.24
08/30/22,62.15,8456837,-0.58,-0.92,-0.92,64.55,21.59,62.91,62.91,61.99,17.07
08/29/22,62.73,9115904,-0.38,-0.60,-0.60,65.15,22.72,62.69,63.03,62.41,18.16
08/26/22,63.11,10089510,-1.56,-2.41,-2.41,65.55,23.47,64.73,64.80,62.98,18.87
08/25/22,64.67,7913869,0.31,0.48,0.48,67.17,26.52,64.36,64.71,63.90,21.81
08/24/22,64.36,6844730,0.09,0.14,0.14,66.85,25.91,64.24,64.58,64.05,21.23
08/23/22,64.27,8443752,0.07,0.11,0.11,66.75,25.74,63.82,64.37,63.68,21.06
08/22/22,64.20,9087893,-0.97,-1.49,-1.49,66.68,25.60,64.84,64.92,63.99,20.93
08/19/22,65.17,8921062,-0.05,-0.08,-0.08,67.69,27.50,65.21,65.47,64.96,22.75
08/18/22,65.22,6532028,0.34,0.52,0.52,67.74,27.59,64.96,65.35,64.71,22.85
08/17/22,64.88,8144045,-0.15,-0.23,-0.23,67.39,26.93,64.83,65.22,64.76,22.21
08/16/22,65.03,9569616,0.53,0.82,0.82,67.54,27.22,64.57,65.23,64.33,22.49
08/15/22,64.50,9863332,0.80,1.26,1.26,66.99,26.19,63.64,64.69,63.57,21.49
08/12/22,63.70,9489284,0.48,0.76,0.76,66.16,24.62,63.43,63.76,63.09,19.98
08/11/22,63.22,8507766,-0.43,-0.68,-0.68,65.66,23.68,63.69,63.99,63.08,19.08
08/10/22,63.65,8857253,0.60,0.95,0.95,66.11,24.52,63.63,63.79,63.10,19.89
08/09/22,63.05,7910877,0.08,0.13,0.13,65.49,23.35,63.18,63.31,62.85,18.76
08/08/22,62.97,9166673,-0.41,-0.65,-0.65,65.40,23.19,63.50,63.81,62.75,18.61
08/05/22,63.38,10445390,-0.29,-0.46,-0.46,65.83,23.99,63.63,63.63,62.67,19.38
08/04/22,63.67,11795650,-0.25,-0.39,-0.39,66.13,24.56,63.64,63.73,62.92,19.93
08/03/22,63.92,11316990,0.28,0.44,0.44,66.39,25.05,63.55,64.10,63.31,20.40
08/02/22,63.64,15241900,-0.88,-1.36,-1.36,66.10,24.50,64.59,64.60,63.43,19.87
08/01/22,64.52,12831540,0.35,0.55,0.55,67.01,26.23,64.09,65.04,64.03,21.53
07/29/22,64.17,13734240,0.11,0.17,0.17,66.65,25.54,63.71,64.29,63.63,20.87
07/28/22,64.06,10837000,1.05,1.67,1.67,66.54,25.33,62.92,64.25,62.89,20.66
07/27/22,63.01,12142870,-0.20,-0.32,-0.32,65.44,23.27,62.88,63.19,61.79,18.69
07/26/22,63.21,20117950,1.02,1.64,1.64,65.65,23.66,62.75,63.80,62.53,19.06
07/25/22,62.19,14941650,0.60,0.97,0.97,64.59,21.67,61.55,62.30,61.31,17.14
07/22/22,61.59,11644690,0.23,0.37,0.37,63.97,20.49,61.38,61.87,61.32,16.01
07/21/22,61.36,11959620,-0.14,-0.23,-0.23,63.73,20.04,61.26,61.88,60.79,15.58
07/20/22,61.50,11010450,-1.03,-1.65,-1.65,63.88,20.32,62.40,62.58,61.15,15.84
07/19/22,62.53,10998230,0.88,1.43,1.43,64.95,22.33,62.09,62.65,61.93,17.78
07/18/22,61.65,10780840,-0.85,-1.36,-1.36,64.03,20.61,62.52,62.56,61.51,16.12
07/15/22,62.50,21968420,0.32,0.51,0.51,64.91,22.27,62.75,62.97,62.07,17.72
07/14/22,62.18,14433040,-0.20,-0.32,-0.32,64.58,21.65,61.33,62.25,61.30,17.12
07/13/22,62.38,13145290,-0.29,-0.46,-0.46,64.79,22.04,62.33,63.00,61.98,17.50
07/12/22,62.67,14731070,-0.27,-0.43,-0.43,65.09,22.61,63.00,63.45,62.47,18.04
07/11/22,62.94,12704110,-0.20,-0.32,-0.32,65.37,23.13,62.99,63.46,62.59,18.55
07/08/22,63.14,11311460,0.23,0.37,0.37,65.58,23.53,63.03,63.42,62.88,18.93
07/07/22,62.91,14828430,-0.50,-0.79,-0.79,65.34,23.08,63.26,63.58,62.70,18.50
07/06/22,63.41,13450510,0.13,0.21,0.21,65.86,24.05,63.60,64.09,63.19,19.44
07/05/22,63.28,15925030,-1.10,-1.71,-1.71,65.73,23.80,64.18,64.18,62.42,19.19
07/01/22,64.38,15143200,1.47,2.34,2.34,66.87,25.95,63.12,64.45,62.82,21.27
06/30/22,62.91,15514150,0.18,0.29,0.29,65.34,23.08,62.32,63.11,62.16,18.50
06/29/22,62.73,11795510,0.45,0.72,0.72,65.15,22.72,62.54,63.11,62.43,18.16
06/28/22,62.28,13181560,-0.63,-1.00,-1.00,64.69,21.84,63.08,63.76,62.11,17.31
06/27/22,62.91,12142110,-0.13,-0.21,-0.21,65.34,23.08,62.98,63.29,62.63,18.50
06/24/22,63.04,18147070,1.16,1.87,1.87,65.48,23.33,62.11,63.06,62.11,18.74
06/23/22,61.88,17190870,0.73,1.19,1.19,64.27,21.06,61.30,61.91,61.23,16.56
06/22/22,61.15,15209870,0.45,0.74,0.74,63.51,19.63,60.60,61.45,60.32,15.18
06/21/22,60.70,17705020,1.27,2.14,2.14,63.05,18.75,59.49,60.88,59.01,14.33
06/17/22,59.43,34781920,0.36,0.61,0.61,61.73,16.27,59.70,60.13,59.13,11.94
06/16/22,59.07,15053840,-0.60,-1.01,-1.01,61.35,15.56,58.64,59.52,58.25,11.26
06/15/22,59.67,19684700,0.44,0.74,0.74,61.98,16.74,60.00,60.64,58.97,12.39
06/14/22,59.23,24620020,-2.11,-3.44,-2.72,61.52,15.88,60.73,60.89,58.66,11.57
06/13/22,61.34,23064190,-0.07,-0.11,-0.11,63.24,19.12,60.75,62.29,60.67,15.54
06/10/22,61.41,14973490,-0.39,-0.63,-0.63,63.31,19.25,61.01,61.89,60.46,15.67
06/09/22,61.80,13391880,-1.09,-1.73,-1.73,63.71,20.01,62.87,63.35,61.78,16.41
06/08/22,62.89,10211450,-0.36,-0.57,-0.57,64.84,22.13,62.99,63.21,62.56,18.46
06/07/22,63.25,17886320,0.38,0.60,0.60,65.21,22.83,62.38,63.37,62.22,19.14
06/06/22,62.87,15112810,-0.10,-0.16,-0.16,64.82,22.09,63.33,63.77,62.66,18.42
06/03/22,62.97,13539860,-0.76,-1.19,-1.19,64.92,22.28,63.57,63.63,62.81,18.61
06/02/22,63.73,14585980,0.66,1.05,1.05,65.70,23.76,63.18,63.74,62.11,20.04
06/01/22,63.07,15408310,-0.31,-0.49,-0.49,65.02,22.48,63.42,63.68,62.13,18.80
05/31/22,63.38,43159047,-1.30,-2.01,-2.01,65.34,23.08,64.08,64.32,63.05,19.38
05/27/22,64.68,17708980,0.38,0.59,0.59,66.68,25.61,64.26,64.83,64.14,21.83
05/26/22,64.30,16159830,0.23,0.36,0.36,66.29,24.87,64.07,65.10,63.96,21.12
05/25/22,64.07,15360490,0.05,0.08,0.08,66.05,24.42,64.00,64.48,63.60,20.68
05/24/22,64.02,16154240,1.16,1.85,1.85,66.00,24.32,62.88,64.19,62.75,20.59
05/23/22,62.86,19406880,1.88,3.08,3.08,64.81,22.07,61.65,63.10,61.59,18.40
05/20/22,60.98,29133760,0.98,1.63,1.63,62.87,18.42,60.49,61.24,59.66,14.86
05/19/22,60.00,31493880,-1.20,-1.96,-1.96,61.86,16.52,60.96,60.96,59.66,13.02
05/18/22,61.20,31437310,-4.58,-6.96,-6.96,63.10,18.85,65.42,65.52,60.96,15.28
05/17/22,65.78,21300590,-0.18,-0.27,-0.27,67.82,27.74,66.10,66.10,65.01,23.90
05/16/22,65.96,13223180,0.24,0.37,0.37,68.00,28.09,65.44,66.38,65.44,24.24
05/13/22,65.72,16166960,1.21,1.88,1.88,67.76,27.62,64.81,65.80,64.12,23.79
05/12/22,64.51,22574720,0.20,0.31,0.31,66.51,25.28,64.16,64.53,63.21,21.51
05/11/22,64.31,19648400,0.30,0.47,0.47,66.30,24.89,64.33,65.20,63.96,21.13
05/10/22,64.01,21322220,-0.60,-0.93,-0.93,65.99,24.30,64.50,65.32,63.85,20.57
05/09/22,64.61,20055330,-0.13,-0.20,-0.20,66.61,25.47,64.47,65.37,64.04,21.70
05/06/22,64.74,18984020,0.23,0.36,0.36,66.75,25.72,64.20,65.31,64.07,21.94
05/05/22,64.51,20155240,-0.52,-0.80,-0.80,66.51,25.28,64.69,65.03,64.01,21.51
05/04/22,65.03,19780190,1.95,3.09,3.09,67.04,26.28,63.00,65.12,62.94,22.49
05/03/22,63.08,21686340,-0.36,-0.57,-0.57,65.03,22.50,63.72,63.94,62.67,18.82
05/02/22,63.44,24970310,-1.17,-1.81,-1.81,65.41,23.20,65.28,65.31,62.58,19.50
04/29/22,64.61,20137150,-1.58,-2.39,-2.39,66.61,25.47,65.87,66.03,64.49,21.70
04/28/22,66.19,22020520,0.63,0.96,0.96,68.24,28.54,64.66,66.28,64.50,24.68
04/27/22,65.56,16971010,0.51,0.78,0.78,67.59,27.31,65.00,66.28,65.00,23.49
04/26/22,65.05,21982610,-0.89,-1.35,-1.35,67.07,26.32,65.52,66.37,65.04,22.53
04/25/22,65.94,25082000,0.69,1.06,1.06,67.98,28.05,67.00,67.20,64.78,24.20
04/22/22,65.25,14902200,-0.96,-1.45,-1.45,67.27,26.71,66.08,66.34,65.18,22.90
04/21/22,66.21,15120410,0.25,0.38,0.38,68.26,28.58,65.98,67.00,65.72,24.71
04/20/22,65.96,14827070,0.89,1.37,1.37,68.00,28.09,65.44,66.24,65.40,24.24
04/19/22,65.07,11993780,0.63,0.98,0.98,67.09,26.36,64.50,65.25,64.44,22.57
04/18/22,64.44,11679370,-0.58,-0.89,-0.89,66.44,25.14,64.77,65.18,64.18,21.38
04/14/22,65.02,16388430,0.29,0.45,0.45,67.03,26.27,64.96,65.57,64.82,22.47
04/13/22,64.73,11882990,0.17,0.26,0.26,66.74,25.70,64.44,64.87,64.23,21.93
04/12/22,64.56,18089910,0.75,1.18,1.18,66.56,25.37,64.38,64.81,63.89,21.60
04/11/22,63.81,12720110,-0.02,-0.03,-0.03,65.79,23.92,63.91,64.30,63.64,20.19
04/08/22,63.83,12703470,0.39,0.61,0.61,65.81,23.95,63.48,64.04,63.16,20.23
04/07/22,63.44,13960820,0.34,0.54,0.54,65.41,23.20,63.13,63.67,62.71,19.50
04/06/22,63.10,19267420,0.63,1.01,1.01,65.05,22.54,62.77,63.26,62.30,18.85
04/05/22,62.47,15721230,-0.07,-0.11,-0.11,64.41,21.31,62.40,63.24,62.37,17.67
04/04/22,62.54,11506550,-0.33,-0.52,-0.52,64.48,21.45,62.60,62.79,61.72,17.80
04/01/22,62.87,12644880,0.87,1.40,1.40,64.82,22.09,62.33,62.95,62.09,18.42
03/31/22,62.00,16822900,-0.21,-0.34,-0.34,63.92,20.40,62.22,62.64,62.00,16.78
03/30/22,62.21,13641000,0.05,0.08,0.08,64.14,20.81,62.01,62.21,61.56,17.18
03/29/22,62.16,14720570,0.24,0.39,0.39,64.09,20.71,62.21,62.53,61.74,17.08
03/28/22,61.92,11485220,0.39,0.63,0.63,63.84,20.25,61.53,61.94,61.21,16.63
03/25/22,61.53,12260750,0.55,0.90,0.90,63.44,19.49,61.12,61.61,61.05,15.90
03/24/22,60.98,13151350,0.58,0.96,0.96,62.87,18.42,60.64,61.02,60.46,14.86
03/23/22,60.40,15529240,-0.40,-0.66,-0.66,62.27,17.29,60.75,60.98,60.00,13.77
03/22/22,60.80,17559540,0.22,0.36,0.36,62.68,18.07,60.93,60.95,60.06,14.52
03/21/22,60.58,17440140,0.48,0.80,0.80,62.46,17.64,60.50,61.10,60.25,14.11
03/18/22,60.10,30197780,0.01,0.02,0.02,61.96,16.71,60.30,60.30,59.71,13.20
03/17/22,60.09,15586230,0.63,1.06,1.06,61.95,16.69,59.46,60.14,59.23,13.19
03/16/22,59.46,17347250,-0.16,-0.27,-0.27,61.30,15.47,59.78,59.94,58.61,12.00
03/15/22,59.62,18607190,1.08,1.84,1.84,61.47,15.78,59.08,59.89,58.98,12.30
03/14/22,58.54,17799380,0.62,1.07,1.83,60.35,13.68,57.97,59.04,57.97,10.27
03/11/22,57.92,19855650,0.04,0.07,0.07,59.27,11.64,57.96,58.85,57.86,9.10
03/10/22,57.88,20887280,-1.08,-1.83,-1.83,59.23,11.56,58.48,58.66,57.50,9.02
03/09/22,58.96,23022700,0.30,0.51,0.51,60.33,13.64,59.82,59.84,58.66,11.06
03/08/22,58.66,30242130,-2.42,-3.96,-3.96,60.03,13.06,61.45,61.54,58.59,10.49
03/07/22,61.08,29151420,-1.49,-2.38,-2.38,62.50,17.73,62.01,62.07,60.72,15.05
03/04/22,62.57,17164630,0.10,0.16,0.16,64.03,20.60,61.46,62.59,61.20,17.86
03/03/22,62.47,21262800,0.04,0.06,0.06,63.92,20.41,62.61,63.02,62.29,17.67
03/02/22,62.43,17319120,0.46,0.74,0.74,63.88,20.33,62.23,62.88,61.78,17.59
03/01/22,61.97,15871090,-0.27,-0.43,-0.43,63.41,19.44,62.14,62.75,61.51,16.73
02/28/22,62.24,25879120,-0.61,-0.97,-0.97,63.69,19.97,61.65,62.34,61.41,17.23
02/25/22,62.85,21487800,2.34,3.87,3.87,64.31,21.14,60.94,62.90,60.92,18.38
02/24/22,60.51,27207440,-1.08,-1.75,-1.75,61.92,16.63,59.97,60.62,59.22,13.98
02/23/22,61.59,19248470,-0.69,-1.11,-1.11,63.02,18.71,62.24,62.33,61.34,16.01
02/22/22,62.28,21731390,-0.26,-0.42,-0.42,63.73,20.04,62.43,62.64,61.72,17.31
02/18/22,62.54,21975020,0.42,0.68,0.68,64.00,20.54,62.12,62.82,61.99,17.80
02/17/22,62.12,21468720,1.22,2.00,2.00,63.57,19.73,60.55,62.28,60.41,17.01
02/16/22,60.90,15484660,-0.01,-0.02,-0.02,62.32,17.38,60.86,61.40,60.56,14.71
02/15/22,60.91,13409340,0.23,0.38,0.38,62.33,17.40,60.96,61.78,60.63,14.73
02/14/22,60.68,23641310,0.39,0.65,0.65,62.09,16.96,60.16,60.79,59.28,14.30
02/11/22,60.29,22781390,-1.09,-1.78,-1.78,61.69,16.21,61.77,61.98,60.15,13.56
02/10/22,61.38,23561530,0.34,0.56,0.56,62.81,18.31,60.36,62.30,60.20,15.61
02/09/22,61.04,23595560,-0.96,-1.55,-1.55,62.46,17.65,62.17,62.32,60.90,14.97
02/08/22,62.00,18771750,0.40,0.65,0.65,63.44,19.50,61.83,62.33,61.74,16.78
02/07/22,61.60,17846410,0.64,1.05,1.05,63.03,18.73,61.38,61.72,60.86,16.03
02/04/22,60.96,17403730,-0.65,-1.06,-1.06,62.38,17.50,61.49,61.68,60.57,14.82
02/03/22,61.61,19440490,0.43,0.70,0.70,63.04,18.75,60.94,61.78,60.59,16.05
02/02/22,61.18,20225580,0.62,1.02,1.02,62.60,17.92,60.62,61.27,60.56,15.24
02/01/22,60.56,20841660,-0.45,-0.74,-0.74,61.97,16.73,60.91,61.14,60.16,14.07
01/31/22,61.01,22045320,0.17,0.28,0.28,62.43,17.59,60.30,61.14,60.15,14.92
01/28/22,60.84,19101490,1.19,1.99,1.99,62.26,17.27,59.39,60.89,58.94,14.60
01/27/22,59.65,18898680,0.05,0.08,0.08,61.04,14.97,59.88,60.93,59.50,12.36
01/26/22,59.60,19190240,-0.22,-0.37,-0.37,60.99,14.88,59.79,60.35,59.21,12.26
01/25/22,59.82,19027110,-0.14,-0.23,-0.23,61.21,15.30,59.36,60.05,58.69,12.68
01/24/22,59.96,30207460,-0.49,-0.81,-0.81,61.36,15.57,59.90,60.35,58.57,12.94
01/21/22,60.45,26643160,-0.30,-0.49,-0.49,61.86,16.51,61.08,61.30,60.40,13.86
01/20/22,60.75,23002350,-0.25,-0.41,-0.41,62.16,17.09,61.00,61.44,60.72,14.43
01/19/22,61.00,18654750,0.10,0.16,0.16,62.42,17.58,60.66,61.18,60.56,14.90
01/18/22,60.90,21977600,-0.49,-0.80,-0.80,62.32,17.38,61.06,61.19,60.45,14.71
01/14/22,61.39,19729630,0.49,0.80,0.80,62.82,18.33,60.94,61.45,60.36,15.63
01/13/22,60.90,14317990,0.36,0.59,0.59,62.32,17.38,60.54,61.04,60.39,14.71
01/12/22,60.54,15753810,0.09,0.15,0.15,61.95,16.69,60.53,60.69,60.19,14.03
01/11/22,60.45,19369590,0.02,0.03,0.03,61.86,16.51,60.43,60.49,59.84,13.86
01/10/22,60.43,20954350,0.10,0.17,0.17,61.84,16.48,60.55,60.82,60.18,13.83
01/07/22,60.33,12307900,-0.14,-0.23,-0.23,61.74,16.28,60.28,60.72,60.06,13.64
01/06/22,60.47,17902350,-0.32,-0.53,-0.53,61.88,16.55,60.47,61.12,60.44,13.90
01/05/22,60.79,22507260,0.50,0.83,0.83,62.21,17.17,60.09,61.20,60.05,14.50
01/04/22,60.29,26141580,0.99,1.67,1.67,61.69,16.21,59.73,60.54,59.59,13.56
01/03/22,59.30,20188380,0.09,0.15,0.15,60.68,14.30,58.82,59.31,58.38,11.70
12/31/21,59.21,10021250,0.43,0.73,0.73,60.59,14.12,58.75,59.35,58.70,11.53
12/30/21,58.78,7703896,-0.17,-0.29,-0.29,60.15,13.30,59.06,59.23,58.76,10.72
12/29/21,58.95,9996046,0.07,0.12,0.12,60.32,13.62,58.95,59.10,58.66,11.04
12/28/21,58.88,8982271,0.23,0.39,0.39,60.25,13.49,58.40,58.94,58.30,10.91
12/27/21,58.65,9862192,0.43,0.74,0.74,60.02,13.05,58.00,58.69,58.00,10.47
12/23/21,58.22,11027340,0.04,0.07,0.07,59.58,12.22,58.52,58.61,57.94,9.66
12/22/21,58.18,12447440,0.41,0.71,0.71,59.53,12.14,57.71,58.19,57.49,9.59
12/21/21,57.77,15864890,0.23,0.40,0.40,59.12,11.35,57.61,57.97,57.53,8.82
12/20/21,57.54,20879480,-0.19,-0.33,-0.33,58.88,10.91,57.20,57.78,57.00,8.38
12/17/21,57.73,51899380,-0.92,-1.57,-1.57,59.07,11.27,58.49,58.92,57.70,8.74
12/16/21,58.65,24696860,0.59,1.02,1.02,60.02,13.05,57.98,58.88,57.90,10.47
12/15/21,58.06,24923790,0.26,0.45,0.45,59.41,11.91,57.93,58.25,57.65,9.36
12/14/21,57.80,24806570,0.04,0.07,0.07,59.15,11.41,57.40,58.17,57.40,8.87
12/13/21,57.76,31362830,1.48,2.63,2.63,59.11,11.33,56.98,57.93,56.96,8.80
12/10/21,56.28,23153570,1.42,2.59,2.59,57.59,8.48,55.25,56.32,55.07,6.01
12/09/21,54.86,13846420,-0.14,-0.25,-0.25,56.14,5.74,54.75,55.13,54.59,3.33
12/08/21,55.00,18026450,-0.21,-0.38,-0.38,56.28,6.01,55.12,55.35,54.36,3.60
12/07/21,55.21,23832720,0.30,0.55,0.55,56.50,6.42,55.02,55.42,54.85,3.99
12/06/21,54.91,26624140,1.37,2.56,2.56,56.19,5.84,54.31,55.25,54.14,3.43
12/03/21,53.54,21064350,0.47,0.89,0.89,54.79,3.20,53.33,53.61,52.98,0.85
12/02/21,53.07,17074170,0.77,1.47,1.47,54.31,2.29,52.60,53.34,52.51,-0.04
12/01/21,52.30,18724140,-0.15,-0.29,-0.29,53.52,0.81,52.98,53.52,52.28,-1.49
11/30/21,52.45,30485170,-2.13,-3.90,-3.13,53.67,1.10,53.60,53.63,52.44,-1.21
11/29/21,54.58,22712470,0.85,1.58,1.58,55.41,4.37,54.05,54.73,53.93,2.81
11/26/21,53.73,14754340,-1.70,-3.07,-3.07,54.54,2.74,54.59,54.75,53.58,1.21
11/24/21,55.43,12598980,-0.45,-0.81,-0.81,56.27,5.99,55.71,55.84,55.03,4.41
11/23/21,55.88,13836260,0.41,0.74,0.74,56.73,6.85,55.66,56.11,55.50,5.26
11/22/21,55.47,16906230,0.34,0.62,0.62,56.31,6.07,55.10,56.02,55.08,4.48
11/19/21,55.13,15813660,-0.28,-0.51,-0.51,55.97,5.42,55.44,55.49,54.90,3.84
11/18/21,55.41,15380380,-0.50,-0.89,-0.89,56.25,5.95,55.83,55.93,55.14,4.37
11/17/21,55.91,13288680,-0.31,-0.55,-0.55,56.76,6.91,56.04,56.05,55.65,5.31
11/16/21,56.22,13756460,-0.40,-0.71,-0.71,57.07,7.50,56.62,56.94,56.19,5.90
11/15/21,56.62,10289190,0.01,0.02,0.02,57.48,8.27,56.53,56.68,56.27,6.65
11/12/21,56.61,10162510,-0.13,-0.23,-0.23,57.47,8.25,56.75,56.99,56.55,6.63
11/11/21,56.74,7257681,0.02,0.04,0.04,57.60,8.50,56.83,56.88,56.57,6.88
11/10/21,56.72,8813611,0.23,0.41,0.41,57.58,8.46,56.54,56.92,56.29,6.84
11/09/21,56.49,10155820,0.16,0.28,0.28,57.35,8.02,56.41,56.52,56.09,6.40
11/08/21,56.33,12827970,-0.51,-0.90,-0.90,57.18,7.71,56.75,56.89,56.13,6.10
11/05/21,56.84,12886660,0.24,0.42,0.42,57.70,8.69,56.84,57.16,56.59,7.06
11/04/21,56.60,10820200,0.31,0.55,0.55,57.46,8.23,56.11,56.63,56.03,6.61
11/03/21,56.29,10788280,0.19,0.34,0.34,57.14,7.63,56.00,56.33,55.78,6.03
11/02/21,56.10,11498860,-0.07,-0.12,-0.12,56.95,7.27,56.47,56.50,55.97,5.67
11/01/21,56.17,11651090,-0.20,-0.35,-0.35,57.02,7.41,56.39,56.40,55.90,5.80
10/29/21,56.37,24463740,0.33,0.59,0.59,57.22,7.79,55.87,56.47,55.78,6.18
10/28/21,56.04,15927960,0.52,0.94,0.94,56.89,7.16,55.75,56.11,55.62,5.56
10/27/21,55.52,24019830,1.05,1.93,1.93,56.36,6.16,55.97,56.08,55.27,4.58
10/26/21,54.47,12086750,0.24,0.44,0.44,55.30,4.15,54.32,54.58,54.23,2.60
10/25/21,54.23,11855030,-0.22,-0.40,-0.40,55.05,3.70,54.38,54.47,54.02,2.15
10/22/21,54.45,12828800,0.10,0.18,0.18,55.28,4.12,54.39,54.53,54.07,2.56
10/21/21,54.35,14388310,-0.28,-0.51,-0.51,55.17,3.93,54.60,54.67,54.21,2.37
10/20/21,54.63,12474870,0.48,0.89,0.89,55.46,4.46,54.18,54.76,54.11,2.90
10/19/21,54.15,11068620,0.21,0.39,0.39,54.97,3.54,54.04,54.20,53.77,2.00
10/18/21,53.94,15861790,-0.54,-0.99,-0.99,54.76,3.14,54.35,54.39,53.86,1.60
10/15/21,54.48,17867140,-0.13,-0.24,-0.24,55.31,4.17,54.64,54.88,54.29,2.62
10/14/21,54.61,13704290,0.37,0.68,0.68,55.44,4.42,54.39,54.81,54.31,2.86
10/13/21,54.24,12143660,0.01,0.02,0.02,55.06,3.71,54.17,54.43,53.79,2.17
10/12/21,54.23,19474370,,,,55.05,3.70,54.42,54.83,54.22,2.15
10/11/21,54.23,12378520,0.11,0.20,0.20,55.05,3.70,54.21,54.39,54.01,2.15
10/08/21,54.12,13786820,0.24,0.45,0.45,54.94,3.49,54.00,54.39,53.90,1.94
10/07/21,53.88,13774370,0.17,0.32,0.32,54.70,3.03,53.99,54.28,53.81,1.49
10/06/21,53.71,21284530,0.63,1.19,1.19,54.52,2.70,52.77,53.77,52.51,1.17
10/05/21,53.08,17173140,0.09,0.17,0.17,53.88,1.50,53.02,53.47,52.93,-0.02
10/04/21,52.99,18973450,-0.03,-0.06,-0.06,53.79,1.32,53.06,53.53,52.40,-0.19
10/01/21,53.02,16277410,0.55,1.05,1.05,53.82,1.38,52.78,53.20,52.57,-0.13
09/30/21,52.47,17674370,-0.49,-0.93,-0.93,53.27,0.33,53.17,53.33,52.43,-1.17
09/29/21,52.96,13941470,0.32,0.61,0.61,53.76,1.27,52.64,53.16,52.56,-0.24
09/28/21,52.64,19926090,-0.97,-1.81,-1.81,53.44,0.66,53.46,53.46,52.43,-0.85
09/27/21,53.61,12429470,-0.28,-0.52,-0.52,54.42,2.51,53.85,54.25,53.57,0.98
09/24/21,53.89,9682234,-0.15,-0.28,-0.28,54.71,3.05,54.00,54.24,53.86,1.51
09/23/21,54.04,13836220,-0.09,-0.17,-0.17,54.86,3.33,54.26,54.62,54.00,1.79
09/22/21,54.13,12719720,0.08,0.15,0.15,54.95,3.50,54.51,54.56,54.06,1.96
09/21/21,54.05,16418160,-0.01,-0.02,-0.02,54.87,3.35,54.39,54.82,53.94,1.81
09/20/21,54.06,27542450,-0.38,-0.70,-0.70,54.88,3.37,54.11,54.40,53.73,1.83
09/17/21,54.44,33383190,-0.91,-1.64,-1.64,55.27,4.10,55.02,55.19,54.37,2.54
09/16/21,55.35,17430420,-0.53,-0.95,-0.95,56.19,5.84,55.72,55.99,54.82,4.26
09/15/21,55.88,15745980,0.19,0.34,0.34,56.73,6.85,55.68,56.00,55.42,5.26
09/14/21,55.69,13918850,-0.38,-0.68,0.07,56.53,6.49,55.92,55.98,55.55,4.90
09/13/21,56.07,20274270,0.46,0.83,0.83,56.49,6.41,55.74,56.40,55.74,5.61
09/10/21,55.61,10573710,-0.25,-0.45,-0.45,56.03,5.54,56.01,56.13,55.52,4.75
09/09/21,55.86,12545370,-0.56,-0.99,-0.99,56.28,6.01,56.18,56.42,55.80,5.22
09/08/21,56.42,12040070,0.75,1.35,1.35,56.85,7.08,55.61,56.48,55.61,6.27
09/07/21,55.67,20037970,-1.06,-1.87,-1.87,56.09,5.65,56.60,56.69,55.51,4.86
09/03/21,56.73,13220670,-0.04,-0.07,-0.07,57.16,7.66,56.46,56.77,56.25,6.86
09/02/21,56.77,11654230,0.08,0.14,0.14,57.20,7.74,56.77,57.03,56.41,6.93
09/01/21,56.69,9519203,0.38,0.67,0.67,57.12,7.59,56.38,56.80,56.28,6.78
08/31/21,56.31,14185710,0.13,0.23,0.23,56.74,6.87,56.16,56.52,56.00,6.07
08/30/21,56.18,10034680,0.53,0.95,0.95,56.60,6.62,55.69,56.20,55.64,5.82
08/27/21,55.65,8844146,0.11,0.20,0.20,56.07,5.61,55.66,55.79,55.45,4.82
08/26/21,55.54,10331490,-0.53,-0.95,-0.95,55.96,5.41,55.95,55.98,55.51,4.61
08/25/21,56.07,11270670,0.06,0.11,0.11,56.49,6.41,56.06,56.17,55.73,5.61
08/24/21,56.01,12067190,-0.43,-0.76,-0.76,56.43,6.30,56.64,56.64,55.90,5.50
08/23/21,56.44,8912813,-0.20,-0.35,-0.35,56.87,7.11,56.67,56.75,56.38,6.31
08/20/21,56.64,10543570,-0.22,-0.39,-0.39,57.07,7.49,56.84,57.03,56.58,6.69
08/19/21,56.86,9223662,0.36,0.64,0.64,57.29,7.91,56.06,56.98,55.95,7.10
08/18/21,56.50,13873730,-0.78,-1.36,-1.36,56.93,7.23,57.19,57.23,56.42,6.42
08/17/21,57.28,10346450,-0.20,-0.35,-0.35,57.71,8.71,57.46,57.56,57.01,7.89
08/16/21,57.48,7973528,0.25,0.44,0.44,57.91,9.09,57.20,57.49,57.03,8.27
08/13/21,57.23,7714175,0.39,0.69,0.69,57.66,8.61,56.81,57.30,56.77,7.80
08/12/21,56.84,6169450,0.11,0.19,0.19,57.27,7.87,56.73,56.98,56.73,7.06
08/11/21,56.73,8370669,-0.07,-0.12,-0.12,57.16,7.66,56.89,57.18,56.71,6.86
08/10/21,56.80,10906920,0.15,0.26,0.26,57.23,7.80,56.84,57.17,56.66,6.99
08/09/21,56.65,8859893,0.01,0.02,0.02,57.08,7.51,56.80,56.88,56.43,6.71
08/06/21,56.64,10409250,0.14,0.25,0.25,57.07,7.49,56.60,56.74,56.44,6.69
08/05/21,56.50,9806780,0.40,0.71,0.71,56.93,7.23,56.44,56.59,56.29,6.42
08/04/21,56.10,11888360,-0.82,-1.44,-1.44,56.52,6.47,56.75,56.95,56.01,5.67
08/03/21,56.92,8825480,0.04,0.07,0.07,57.35,8.02,57.00,57.00,56.75,7.21
08/02/21,56.88,9777990,-0.15,-0.26,-0.26,57.31,7.95,57.20,57.24,56.71,7.14
07/30/21,57.03,11727290,-0.02,-0.04,-0.04,57.46,8.23,57.15,57.25,56.90,7.42
07/29/21,57.05,9599110,0.31,0.55,0.55,57.48,8.27,57.07,57.25,56.86,7.46
07/28/21,56.74,9857959,-0.52,-0.91,-0.91,57.17,7.68,56.99,57.16,56.63,6.88
07/27/21,57.26,12794360,0.20,0.35,0.35,57.69,8.67,57.11,57.54,56.92,7.85
07/26/21,57.06,8681136,0.05,0.09,0.09,57.49,8.29,56.89,57.12,56.56,7.48
07/23/21,57.01,12143960,0.54,0.96,0.96,57.44,8.20,56.59,57.33,56.45,7.38
07/22/21,56.47,13402710,-0.08,-0.14,-0.14,56.90,7.17,56.62,56.74,56.05,6.37
07/21/21,56.55,20918160,0.72,1.29,1.29,56.98,7.32,57.33,57.56,56.43,6.52
07/20/21,55.83,16257890,0.10,0.18,0.18,56.25,5.96,55.73,56.33,55.52,5.16
07/19/21,55.73,19526980,-0.67,-1.19,-1.19,56.15,5.77,56.08,56.35,55.16,4.97
07/16/21,56.40,14860540,-0.04,-0.07,-0.07,56.83,7.04,56.46,56.68,56.26,6.23
07/15/21,56.44,15068180,0.18,0.32,0.32,56.87,7.11,56.24,56.47,55.91,6.31
07/14/21,56.26,22002680,1.24,2.25,2.25,56.69,6.77,55.02,56.35,54.96,5.97
07/13/21,55.02,15170810,0.54,0.99,0.99,55.44,4.42,54.95,55.30,54.75,3.64
07/12/21,54.48,15107580,0.02,0.04,0.04,54.89,3.39,54.32,54.60,54.27,2.62
07/09/21,54.46,10847010,0.33,0.61,0.61,54.87,3.36,54.25,54.52,54.18,2.58
07/08/21,54.13,11943920,-0.19,-0.35,-0.35,54.54,2.73,54.01,54.17,53.74,1.96
07/07/21,54.32,14377870,0.44,0.82,0.82,54.73,3.09,53.72,54.38,53.72,2.32
07/06/21,53.88,15278170,-0.30,-0.55,-0.55,54.29,2.26,53.99,54.09,53.55,1.49
07/02/21,54.18,10605050,0.22,0.41,0.41,54.59,2.82,54.00,54.45,54.00,2.05
07/01/21,53.96,13214700,-0.15,-0.28,-0.28,54.37,2.41,54.34,54.48,53.86,1.64
06/30/21,54.11,14614200,0.25,0.46,0.46,54.52,2.69,53.80,54.18,53.75,1.92
06/29/21,53.86,12300920,-0.40,-0.74,-0.74,54.27,2.22,54.13,54.34,53.72,1.45
06/28/21,54.26,10556910,-0.06,-0.11,-0.11,54.67,2.98,54.25,54.37,54.00,2.20
06/25/21,54.32,18880340,-0.07,-0.13,-0.13,54.73,3.09,54.24,54.47,54.01,2.32
06/24/21,54.39,11488440,0.27,0.50,0.50,54.80,3.22,54.26,54.42,54.00,2.45
06/23/21,54.12,12339160,-0.44,-0.81,-0.81,54.53,2.71,54.56,54.60,54.11,1.94
06/22/21,54.56,13072840,0.20,0.37,0.37,54.97,3.55,54.34,54.85,54.26,2.77
06/21/21,54.36,14404310,0.59,1.10,1.10,54.77,3.17,54.22,54.43,54.00,2.39
06/18/21,53.77,31445560,-1.18,-2.15,-2.15,54.18,2.05,54.51,54.62,53.72,1.28
06/17/21,54.95,10658390,0.28,0.51,0.51,55.37,4.29,54.67,55.15,54.65,3.50
06/16/21,54.67,15211720,-0.74,-1.34,-1.34,55.08,3.75,55.44,55.46,54.64,2.98
06/15/21,55.41,11154220,-0.14,-0.25,-0.25,55.83,5.16,55.78,55.79,55.19,4.37
06/14/21,55.55,9710829,-0.61,-1.09,-0.34,55.97,5.42,55.69,55.71,55.20,4.63
06/11/21,56.16,11825800,0.25,0.45,0.45,56.16,5.78,55.99,56.21,55.66,5.78
06/10/21,55.91,12444370,0.43,0.78,0.78,55.91,5.31,55.91,56.12,55.76,5.31
06/09/21,55.48,9838835,-0.17,-0.31,-0.31,55.48,4.50,55.75,55.92,55.48,4.50
06/08/21,55.65,10968280,-0.39,-0.70,-0.70,55.65,4.82,56.25,56.25,55.55,4.82
06/07/21,56.04,14011110,-0.20,-0.36,-0.36,56.04,5.56,56.31,56.34,55.81,5.56
06/04/21,56.24,18935060,0.60,1.08,1.08,56.24,5.93,55.90,56.48,55.78,5.93
06/03/21,55.64,17364320,0.14,0.25,0.25,55.64,4.80,55.18,55.74,55.10,4.80
06/02/21,55.50,11328700,0.22,0.40,0.40,55.50,4.54,55.50,55.56,55.26,4.54
06/01/21,55.28,13304330,-0.01,-0.02,-0.02,55.28,4.13,55.34,55.65,55.10,4.13
05/28/21,55.29,17011950,-0.20,-0.36,-0.36,55.29,4.14,55.35,55.71,55.20,4.14
05/27/21,55.49,59109566,0.46,0.84,0.84,55.49,4.52,55.21,55.57,54.78,4.52
05/26/21,55.03,16064280,0.24,0.44,0.44,55.03,3.65,54.98,55.05,54.59,3.65
05/25/21,54.79,11916450,-0.01,-0.02,-0.02,54.79,3.20,54.82,54.82,54.35,3.20
05/24/21,54.80,10326140,0.18,0.33,0.33,54.80,3.22,54.63,54.93,54.49,3.22
05/21/21,54.62,16033220,-0.03,-0.05,-0.05,54.62,2.88,54.80,55.12,54.22,2.88
05/20/21,54.65,10948430,0.48,0.89,0.89,54.65,2.94,54.12,54.80,54.12,2.94
05/19/21,54.17,15126120,-0.17,-0.31,-0.31,54.17,2.03,54.12,54.18,53.61,2.03
05/18/21,54.34,13232500,-0.30,-0.55,-0.55,54.34,2.35,54.39,54.56,54.10,2.35
05/17/21,54.64,12115470,-0.09,-0.16,-0.16,54.64,2.92,54.84,55.02,54.50,2.92
05/14/21,54.73,11725560,0.22,0.40,0.40,54.73,3.09,54.90,55.10,54.69,3.09
05/13/21,54.51,15476900,0.47,0.87,0.87,54.51,2.67,53.97,54.78,53.83,2.67
05/12/21,54.04,15836460,-0.28,-0.52,-0.52,54.04,1.79,54.36,54.56,53.88,1.79
05/11/21,54.32,12986730,-0.59,-1.07,-1.07,54.32,2.32,55.03,55.14,54.05,2.32
05/10/21,54.91,15545820,0.40,0.73,0.73,54.91,3.43,54.88,55.50,54.83,3.43
05/07/21,54.51,10637480,-0.03,-0.06,-0.06,54.51,2.67,54.44,54.77,54.16,2.67
05/06/21,54.54,11572700,0.54,1.00,1.00,54.54,2.73,54.12,54.61,54.05,2.73
05/05/21,54.00,9665703,-0.14,-0.26,-0.26,54.00,1.71,54.14,54.24,53.71,1.71
05/04/21,54.14,14151240,-0.34,-0.62,-0.62,54.14,1.98,54.57,54.62,53.94,1.98
05/03/21,54.48,10417920,0.50,0.93,0.93,54.48,2.62,54.27,54.80,54.16,2.62
04/30/21,53.98,14912570,-0.28,-0.52,-0.52,53.98,1.68,54.25,54.27,53.69,1.68
04/29/21,54.26,15390990,0.67,1.25,1.25,54.26,2.20,53.54,54.36,53.43,2.20
04/28/21,53.59,10868140,0.01,0.02,0.02,53.59,0.94,53.98,54.05,53.44,0.94
04/27/21,53.58,9852430,-0.08,-0.15,-0.15,53.58,0.92,53.56,53.70,53.32,0.92
04/26/21,53.66,11684630,-0.81,-1.49,-1.49,53.66,1.07,54.47,54.51,53.58,1.07
04/23/21,54.47,9023480,0.03,0.06,0.06,54.47,2.60,54.40,54.59,54.17,2.60
04/22/21,54.44,12558860,-0.17,-0.31,-0.31,54.44,2.54,54.47,54.87,54.32,2.54
04/21/21,54.61,13866500,0.44,0.81,0.81,54.61,2.86,54.24,54.74,54.24,2.86
04/20/21,54.17,14419250,0.17,0.31,0.31,54.17,2.03,53.84,54.59,53.81,2.03
04/19/21,54.00,19352940,0.32,0.60,0.60,54.00,1.71,54.00,54.36,53.30,1.71
04/16/21,53.68,17974110,0.35,0.66,0.66,53.68,1.11,53.74,53.80,53.38,1.11
04/15/21,53.33,13078100,0.25,0.47,0.47,53.33,0.45,53.13,53.66,53.12,0.45
04/14/21,53.08,9787597,-0.01,-0.02,-0.02,53.08,-0.02,52.98,53.19,52.65,-0.02
04/13/21,53.09,11071690,,,,53.09,,53.04,53.29,52.81,
