Date,ABNB,TSLA,F,ZM,INTC,SP500
4/13/2021,177.95,254.1064,12.2,342.75,65.22,4141.593759
4/14/2021,176.43,244.0764,12.24,329.2,64.19,4124.66063
4/15/2021,175.35,246.28307,12.24,332.38,65.02,4170.42279
4/16/2021,178.69,246.59308,12.23,329.95,64.75,4185.468711
4/19/2021,174.58,238.20975,12.11,324.33,63.63,4163.258095
4/20/2021,169.57,239.66309,11.45,321.78,62.7,4134.939425
4/21/2021,167.07,248.03973,11.73,322.76,63.7,4173.421559
4/22/2021,170.71,239.89642,11.94,328.32,62.57,4134.981665
4/23/2021,174.25,243.13309,12.22,336.88,59.24,4180.167376
4/26/2021,174.88,246.06644,12.27,336.42,58.76,4187.61747
4/27/2021,177.94,234.91309,12.49,333.49,57.97,4186.718222
4/28/2021,180,231.46643,12.43,331.25,57.62,4183.183002
4/29/2021,177.68,225.66643,11.26,321.1,58.28,4211.474874
4/30/2021,172.71,236.47978,11.54,319.57,57.53,4181.174895
5/3/2021,168.11,228.29977,11.63,313.92,57.26,4192.657608
5/4/2021,168.9,224.5331,11.41,304.85,56.9,4164.659037
5/5/2021,162.33,223.64644,11.61,297.59,56.85,4167.587767
5/6/2021,153.64,221.17976,11.74,293.05,57.19,4201.61878
5/7/2021,151.21,224.1231,11.82,295.24,57.67,4232.601378
5/10/2021,146.73,209.67978,11.71,288.49,55.97,4188.42735
5/11/2021,142.73,205.73312,11.58,300.25,55.04,4152.095308
5/12/2021,140.25,196.6298,11.33,289.7,53.62,4063.03788
5/13/2021,135.75,190.56314,11.55,290.16,54.01,4112.496014
5/14/2021,141.2,196.57979,11.84,307.89,55.35,4173.854094
5/17/2021,132.5,192.27647,12.15,308.93,55.33,4163.290455
5/18/2021,135.02,192.62312,12.14,312.86,54.84,4127.829825
5/19/2021,138.19,187.81981,12.11,310.46,55.36,4115.676785
5/20/2021,136.2,195.59314,12.49,324.71,55.95,4159.124418
5/21/2021,134.71,193.62646,13.33,316.4,56.08,4155.857812
5/24/2021,135.91,202.14645,13.06,321.56,56.96,4197.047252
5/25/2021,133.99,201.56313,12.81,321.28,56.87,4188.134113
5/26/2021,134.75,206.37645,13.9,326.05,56.92,4195.993634
5/27/2021,143.17,210.28311,14.88,326.43,57.73,4200.875802
5/28/2021,140.4,208.40643,14.53,331.53,57.12,4204.110546
6/1/2021,144.31,207.96646,14.81,327.72,56.89,4202.041609
6/2/2021,151,201.70645,14.91,327.11,57.48,4208.11922
6/3/2021,144.19,190.9465,15.99,319.01,56.24,4192.854814
6/4/2021,150.73,199.68312,15.97,336,57.37,4229.890604
6/7/2021,148.97,201.7098,15.88,342.66,57.09,4226.520178
6/8/2021,147.01,201.19649,15.63,341.26,57,4227.255004
6/9/2021,144.85,199.59314,15.48,333.63,57,4219.546831
6/10/2021,146.12,203.37312,15.11,346.5,57.38,4239.184154
6/11/2021,148.44,203.29646,15.28,366.4,57.85,4247.439785
6/14/2021,149.21,205.89645,14.87,365.91,58.19,4255.15033
6/15/2021,151.78,199.78645,15,359,57.99,4246.593978
6/16/2021,149.15,201.62312,15.02,361.83,57.22,4223.704192
6/17/2021,150.7,205.53311,14.77,372.95,57.18,4221.858332
6/18/2021,152.52,207.76978,14.52,374.24,55.67,4166.453237
6/21/2021,149.7,206.94313,14.78,369.25,55.87,4224.787804
6/22/2021,149.68,207.90314,14.91,374.65,55.87,4246.435018
6/23/2021,151.58,218.85645,15.42,376.92,55.26,4241.835989
6/24/2021,150.73,226.60643,15.26,373.4,56.07,4266.485781
6/25/2021,149.67,223.95644,15.19,372.47,55.91,4280.702422
6/28/2021,149.94,229.57309,14.96,388.86,57.48,4290.607785
6/29/2021,146.08,226.91977,15.01,394.73,56.75,4291.801656
6/30/2021,153.14,226.56645,14.86,387.03,56.14,4297.496632
7/1/2021,153.08,225.9731,14.91,386.48,56.01,4319.940081
7/2/2021,150.23,226.29977,14.93,388.89,56.76,4352.338879
7/6/2021,148.37,219.8598,14.5,401.12,56.09,4343.543069
7/7/2021,143.72,214.88312,14.23,393.91,55.96,4358.133227
7/8/2021,142.53,217.6031,14.06,386.01,55.39,4320.817646
7/9/2021,149.64,218.98311,14.48,385.08,55.99,4369.550998
7/12/2021,146.69,228.56645,14.61,379.12,56.73,4384.625725
7/13/2021,143.41,222.84642,14.42,378.39,56.87,4369.209766
7/14/2021,139.09,217.7931,14.25,360.61,56.52,4374.296633
7/15/2021,137.5,216.86644,14.01,356.81,55.81,4360.026744
7/16/2021,134.31,214.73976,13.61,361.97,54.97,4327.158154
7/19/2021,131.88,215.40643,13.28,354.2,54.64,4258.492631
7/20/2021,136.09,220.16644,13.91,355.81,55.24,4323.058604
7/21/2021,139.25,218.42976,14.19,352.97,56.23,4358.693294
7/22/2021,139.47,216.41978,13.91,361.39,55.96,4367.47506
7/23/2021,138.73,214.45978,13.82,359.23,53,4411.792422
7/26/2021,142,219.20644,14.03,373.14,54.31,4422.303542
7/27/2021,141.58,214.92645,13.79,367.54,53.18,4401.463058
7/28/2021,143.3,215.65977,13.86,369.49,53.07,4400.635507
7/29/2021,143.47,225.7831,14.39,386.02,53.7,4419.148765
7/30/2021,144.01,229.06645,13.95,378.1,53.72,4395.263972
8/2/2021,145.49,236.55643,13.91,378.96,53.68,4387.155946
8/3/2021,145.65,236.57974,14.02,374.88,54.06,4423.153624
8/4/2021,147.4,236.97308,13.32,400.58,53.9,4402.661048
8/5/2021,150.32,238.20975,13.71,398.68,53.89,4429.102989
8/6/2021,149.99,233.03308,13.8,383.47,53.92,4436.517757
8/9/2021,149.44,237.91975,13.75,383.34,54.05,4432.352995
8/10/2021,147.95,236.66309,13.82,372.55,53.94,4436.752879
8/11/2021,148.16,235.93976,13.93,358.56,54.14,4447.703577
8/12/2021,151.15,240.74976,13.9,362.86,53.54,4460.831919
8/13/2021,152.76,239.05643,13.59,355.24,53.49,4468.003244
8/16/2021,148.57,228.72308,13.46,348.41,53.47,4479.70872
8/17/2021,143.9,221.90312,12.99,345.54,52.69,4448.075405
8/18/2021,146.74,229.66309,13,340.93,52.19,4400.266336
8/19/2021,142.65,224.48976,12.67,332.38,52.44,4405.802893
8/20/2021,143.7,226.7531,12.57,336.86,52.01,4441.665182
8/23/2021,146.79,235.43309,12.73,341.3,53.23,4479.530464
8/24/2021,161.42,236.16309,13.08,340.25,53.81,4486.234137
8/25/2021,160.35,237.06644,13.17,337.74,53.81,4496.190894
8/26/2021,152.73,233.71977,12.9,340.63,53.13,4469.996354
8/27/2021,154.18,237.30643,13.31,340.81,53.89,4509.369089
8/30/2021,156.02,243.6364,13.05,347.5,53.94,4528.793664
8/31/2021,154.99,245.23973,13.03,289.5,54.06,4522.680119
9/1/2021,156.59,244.69644,13.11,290.86,53.67,4524.092271
9/2/2021,157.2,244.12975,13.01,295.09,53.73,4536.946164
9/3/2021,158,244.5231,12.89,298.29,53.51,4535.432645
9/7/2021,165,250.97307,12.95,299.96,53.65,4520.027755
9/8/2021,163.93,251.28973,13.03,293.6,53.57,4514.068525
9/9/2021,166,251.61974,12.76,295.86,53.4,4493.284297
9/10/2021,165.2,245.42308,12.68,301.5,53.84,4458.579855
9/13/2021,160.32,247.66641,12.99,290.24,54.99,4468.726298
9/14/2021,163.3,248.16307,12.86,281.44,54.52,4443.049865
9/15/2021,166.37,251.94307,13.22,279.12,55.12,4480.701494
9/16/2021,168.15,252.32973,13.4,278.22,54.83,4473.752752
9/17/2021,166.59,253.16307,13.55,287.68,54.26,4432.98748
9/20/2021,161.64,243.38974,12.82,280.67,52.98,4357.727866
9/21/2021,169.29,246.45975,12.77,278.24,52.87,4354.188856
9/22/2021,169.96,250.64641,13.23,277.95,53.5,4395.637139
9/23/2021,175.13,251.21307,13.71,276.19,54.03,4448.984053
9/24/2021,175.88,258.12973,13.78,272.36,54.22,4455.477916
9/27/2021,174.26,263.7864,14.16,272.88,54.66,4443.110401
9/28/2021,168.58,259.1864,14.31,261.89,54,4352.634347
9/29/2021,168.07,260.4364,14.3,257.41,53.49,4359.461058
9/30/2021,167.75,258.49307,14.16,261.5,53.28,4307.538751
10/1/2021,173.01,258.4064,14.16,267.51,53.86,4357.038875
10/4/2021,164.5,260.50974,14.35,259.58,53.47,4300.459012
10/5/2021,164.74,260.1964,14.29,257.12,53.95,4345.71622
10/6/2021,167.25,260.9164,14.12,253.65,53.98,4363.545162
10/7/2021,169.6,264.5364,14.89,256.27,54.18,4399.763308
10/8/2021,169.97,261.82974,15.12,255.05,53.81,4391.338052
10/11/2021,166.67,263.97974,15.09,253.97,53.44,4361.190486
10/12/2021,172.75,268.57303,15.64,255.49,52.17,4350.645968
10/13/2021,173.58,270.35974,15.51,266.24,52.26,4363.804508
10/14/2021,170.5,272.77307,15.45,267.01,53.9,4438.26438
10/15/2021,169.18,281.0097,15.7,266.32,54.46,4471.368454
10/18/2021,172.32,290.03638,15.56,274.23,54.47,4486.460492
10/19/2021,170.74,288.08972,15.42,276.4,55.21,4519.630612
10/20/2021,169.76,288.5997,16.04,275.71,55.37,4536.19214
10/21/2021,170.5,297.9997,16.55,274.78,56,4549.781347
10/22/2021,166.64,303.22638,16.28,277.58,49.46,4544.898253
10/25/2021,169.24,341.61963,16,279.79,49.41,4566.478002
10/26/2021,171.14,339.47632,15.94,278.7,48.28,4574.788837
10/27/2021,169.1,345.95297,15.51,272.81,47.89,4551.681135
10/28/2021,171.7,359.01297,16.86,276.58,48.08,4596.415079
10/29/2021,170.66,371.33295,17.08,274.65,49,4605.376648
11/1/2021,174.6,402.86295,17.95,278.94,49.55,4613.673008
11/2/2021,172.87,390.66626,18.01,280.29,49.86,4630.653361
11/3/2021,172.87,404.61957,18.63,285.66,50.39,4660.569583
11/4/2021,178.45,409.96964,19.42,282.2,50.31,4680.055843
11/5/2021,201.62,407.36295,19.29,264.7,50.92,4697.526805
11/8/2021,200.32,387.64624,20.15,259.9,51.55,4701.702043
11/9/2021,194.68,341.16632,20.12,258.4,51.2,4685.251177
11/10/2021,192.22,355.98294,19.36,251.26,50.76,4646.707668
11/11/2021,191.61,354.50296,19.55,247.6,50.53,4649.269203
11/12/2021,206.54,344.473,19.5,254.97,50.31,4682.847396
11/15/2021,207.21,337.79633,19.86,263.71,50.32,4682.803544
11/16/2021,207.04,351.5763,19.79,264.49,50.61,4700.89713
11/17/2021,199.11,363.00296,19.96,263.71,50.23,4688.6707
11/18/2021,204.33,365.45966,19.56,255.75,49.68,4704.541943
11/19/2021,196.42,379.01962,19.39,251.3,49.52,4697.955106
11/22/2021,181.73,385.62296,20.48,242.28,49.83,4682.943948
11/23/2021,178.27,369.6763,20.2,206.64,49.1,4690.698051
11/24/2021,179.89,371.9996,20.25,208.3,49.76,4701.464854
11/26/2021,173.86,360.63965,19.75,220.21,48.78,4594.618278
11/29/2021,180.08,378.99628,19.67,218.98,50,4655.270189
11/30/2021,172.54,381.58627,19.19,211.41,49.2,4567.001494
12/1/2021,163.08,364.99963,19.58,197.71,48.6,4513.036155
12/2/2021,169.6,361.53296,19.87,191.75,49.5,4577.100532
12/3/2021,166.75,338.32297,19.14,183.92,49.25,4538.427865
12/6/2021,180.85,336.33633,19.22,185.84,50.99,4591.671795
12/7/2021,183.14,350.58298,19.96,189.06,52.57,4686.745461
12/8/2021,186.49,356.3196,19.81,194.86,51.75,4701.207864
12/9/2021,181.46,334.59967,19.57,188.27,50.48,4667.453953
12/10/2021,180.42,339.00964,21.45,185.25,50.59,4712.024136
12/13/2021,171.04,322.13632,20.43,184.57,50,4668.972086
12/14/2021,167.96,319.50302,20.05,181.94,49.7,4634.087615
12/15/2021,168.14,325.32968,20.19,183.73,50.67,4709.853905
12/16/2021,156.38,308.973,20.35,182.4,50.83,4668.671197
12/17/2021,157.91,310.85635,19.77,199.74,50.62,4620.638985
12/20/2021,157.23,299.9797,19.42,197.97,49.6,4568.017243
12/21/2021,165.66,312.84302,19.61,199.42,50.77,4649.226641
12/22/2021,169.29,336.28964,20.14,193.13,50.97,4696.561572
12/23/2021,171.31,355.6663,20.25,191.65,51.31,4725.788242
12/27/2021,171.68,364.64627,20.8,187.44,51.94,4791.191955
12/28/2021,169.71,362.82294,20.76,183.77,51.76,4786.354117
12/29/2021,167.44,362.06293,20.56,181.81,51.83,4793.058121
12/30/2021,168.78,356.7796,20.47,190.52,51.74,4778.726906
12/31/2021,166.49,352.25964,20.77,183.91,51.5,4766.182972
1/3/2022,172.68,399.92627,21.77,184.26,53.21,4796.561248
1/4/2022,170.8,383.19626,24.31,179.85,53.14,4793.537223
1/5/2022,162.25,362.7063,23.66,174.88,53.87,4700.578368
1/6/2022,159.75,354.89963,24.46,176.33,54.01,4696.053828
1/7/2022,166.05,342.31964,24.44,171.6,53.44,4677.027657
1/10/2022,160.71,352.7063,23.85,172.56,55.21,4670.290379
1/11/2022,168.61,354.79965,24.35,175.97,55.91,4713.067322
1/12/2022,169.54,368.7396,24.47,170.65,55.74,4726.345723
1/13/2022,166,343.853,25.02,162.1,54.94,4659.02549
1/14/2022,163.99,349.86963,25.19,159.72,55.7,4662.854119
1/18/2022,154.69,343.503,24.38,157.7,54.76,4577.108401
1/19/2022,154.58,331.88303,22.45,157.23,53.62,4532.759623
1/20/2022,158,332.0897,21.65,155.81,52.04,4482.727603
1/21/2022,156.73,314.63303,20.65,147.66,52.04,4397.939175
1/24/2022,147.9,309.99966,20.39,152.95,51.94,4410.127426
1/25/2022,144.56,306.13306,19.98,145.89,51,4356.453875
1/26/2022,142.14,312.4697,19.91,140.33,51.69,4349.928636
1/27/2022,138.41,276.36636,19.55,136.81,48.05,4326.513682
1/28/2022,142.77,282.11636,19.54,143.81,47.73,4431.849119
1/31/2022,153.97,312.23965,20.3,154.28,48.82,4515.547579
2/1/2022,156.94,310.41635,20.66,155.68,48.95,4546.539026
2/2/2022,151.76,301.88635,20.63,148.11,49.51,4589.37656
2/3/2022,149.57,297.0464,19.89,137.94,48.28,4477.441954
2/4/2022,155.56,307.77304,17.96,144.1,48.01,4500.531457
2/7/2022,157.91,302.44638,17.89,141.44,48.18,4483.865293
2/8/2022,162.26,307.333,17.72,142.69,48.81,4521.538866
2/9/2022,169.53,310.66635,18.35,149.6,49.91,4587.178889
2/10/2022,171.95,301.51636,18.08,145.72,48.86,4504.084787
2/11/2022,166.53,286.66638,17.55,141.24,47.63,4418.636517
2/14/2022,169.66,291.9197,17.46,142.09,47.58,4401.666982
2/15/2022,180.07,307.47635,18.08,146.9,48.44,4471.074247
2/16/2022,186.64,307.79636,18.01,138.51,48.23,4475.0111
2/17/2022,183.6,292.11636,17.54,129.38,47.57,4380.258563
2/18/2022,174.9,285.6597,18.04,126.96,45.04,4348.869197
2/22/2022,165.24,273.84305,17.29,126.61,44.69,4304.757602
2/23/2022,150.04,254.67973,16.95,120.1,44.65,4225.504881
2/24/2022,158.26,266.92307,17.15,126.97,46.72,4288.696013
2/25/2022,155.09,269.9564,17.83,125.32,47.71,4384.654491
2/28/2022,151.49,290.14304,17.56,132.6,47.7,4373.939149
3/1/2022,151.01,288.12305,16.7,122.78,46.82,4306.258893
3/2/2022,157.53,293.2964,18.1,121.61,48.87,4386.544091
3/3/2022,151.69,279.76306,17.6,113.11,47.93,4363.486749
3/4/2022,142.7,279.4297,16.85,108.94,48.07,4328.872886
3/7/2022,131.59,268.19308,15.97,107.88,47.68,4201.087793
3/8/2022,142.13,274.7997,16.03,108.49,47.5,4170.704104
3/9/2022,148.31,286.32303,16.37,109.08,47.63,4277.880102
3/10/2022,151.8,279.43304,16.33,103.33,46.66,4259.524999
3/11/2022,145.14,265.1164,16.04,98.12,45.83,4204.311851
3/14/2022,138.5,255.4564,15.74,94.64,44.4,4173.111725
3/15/2022,143.95,267.29642,16.06,98.97,44.81,4262.445606
3/16/2022,155.75,280.07635,16.58,106.84,46.63,4357.857096
3/17/2022,157.55,290.53302,16.58,111.29,47.14,4411.667616
3/18/2022,167,301.7964,16.86,116.28,47.45,4463.11759
3/21/2022,161.8,307.05304,16.48,116.87,47.39,4461.180137
3/22/2022,166.44,331.32632,17.09,119.8,48.39,4511.606159
3/23/2022,164.16,333.03635,16.68,116.81,48.27,4456.236047
3/24/2022,170.83,337.97296,16.83,117.75,51.62,4520.161526
3/25/2022,167.22,336.87964,16.47,113.93,51.83,4543.056379
3/28/2022,167.65,363.9463,16.67,117.45,51.51,4575.516325
3/29/2022,175.52,366.52292,17.75,126.26,52.25,4631.604852
3/30/2022,173.63,364.66296,17.27,122.39,51.43,4602.448612
3/31/2022,171.76,359.19965,16.91,117.23,49.56,4530.413452
4/1/2022,173.07,361.5296,16.65,118.02,48.11,4545.855537
4/4/2022,177.02,381.81625,16.66,124.28,49.2,4582.636094
4/5/2022,171.21,363.75296,15.82,122.02,48.13,4525.12211
4/6/2022,164.66,348.5863,15.39,116.09,47.54,4481.153336
4/7/2022,165.91,352.41965,14.96,114.32,47.56,4500.209423
4/8/2022,162.56,341.82965,15.05,110.9,47.02,4488.281751
4/11/2022,160.25,325.30966,15.28,109.05,46.57,4412.528779
4/12/2022,160.11,328.983,15.36,106.58,46.5,4397.447236
4/13/2022,171.85,340.78964,15.51,114.89,47.01,4446.591793
4/14/2022,170.7,328.33298,15.48,110.31,45.67,4392.587662
4/18/2022,165.74,334.763,15.67,105.74,46.64,4391.690372
4/19/2022,170.12,342.7163,16.15,111.18,47.93,4462.210079
4/20/2022,164.55,325.733,16.05,103.7,48.11,4459.450335
4/21/2022,157.91,336.25967,15.7,100.95,47.5,4393.663475
4/22/2022,156.09,335.01633,15.13,100.17,46.54,4271.775619
4/25/2022,158.39,332.673,15.19,102.44,47.06,4296.116465
4/26/2022,153.04,292.1397,14.71,98.36,45.52,4175.197276
4/27/2022,152.23,293.83636,14.85,97.62,45.22,4183.955297
4/28/2022,159.74,292.50305,14.62,102.56,46.84,4287.501063
4/29/2022,153.21,290.25305,14.16,99.57,43.59,4131.92641
5/2/2022,152.78,300.9797,14.27,104.79,44.96,4155.377569
5/3/2022,145,303.083,14.56,103.53,45.06,4175.475703
5/4/2022,156.18,317.53967,14.98,108.98,46.54,4300.173766
5/5/2022,143.09,291.09305,14.53,100.84,44.6,4146.867602
5/6/2022,135.84,288.5497,14.21,96.38,44.3,4123.33565
5/9/2022,119.37,262.36972,13.37,92.34,43.07,3991.23738
5/10/2022,116.13,266.67972,13.35,90.68,44.01,4001.054695
5/11/2022,116.15,244.66641,12.83,84.8,42.83,3935.184603
5/12/2022,115.94,242.66641,12.44,84.97,42.84,3930.081903
5/13/2022,121.45,256.52975,13.5,94.84,43.6,4023.89127
5/16/2022,114.44,241.4564,13.05,88.92,43.08,4008.010483
5/17/2022,117.5,253.86974,13.53,90.94,44.4,4088.850412
5/18/2022,108.03,236.60309,12.78,84.69,42.35,3923.679764
5/19/2022,114.17,236.47308,12.85,90.94,42.01,3900.786939
5/20/2022,112.55,221.29977,12.5,89.74,41.65,3901.360576
5/23/2022,113.28,224.96645,12.83,89.33,42,3973.751583
5/24/2022,106.24,209.38644,12.42,94.34,41.67,3941.476943
5/25/2022,110.4,219.5998,12.71,102.34,42.2,3978.732681
5/26/2022,114.3,235.90974,13.12,107,43.48,4057.84078
5/27/2022,120.5,253.20973,13.63,110.42,44.55,4158.238361
5/31/2022,120.87,252.75307,13.68,107.45,44.42,4132.147782
6/1/2022,116.72,246.78973,13.55,107.65,44.11,4101.229812
6/2/2022,121.26,258.33307,13.89,112.24,44.84,4176.817943
6/3/2022,119.83,234.51642,13.5,109.42,43.39,4108.535408
6/6/2022,122.02,238.27975,13.46,111.01,43.34,4121.429431
6/7/2022,122.9,238.88641,13.74,115.04,43.53,4160.683327
6/8/2022,123.77,241.86641,13.53,115.46,41.23,4115.772471
6/9/2022,115.72,239.70642,13.28,110.4,40.01,4017.818495
6/10/2022,108.91,232.22978,12.75,109.07,39.18,3900.864476
6/13/2022,98.93,215.73645,11.81,103.32,37.77,3749.627287
6/14/2022,98.87,220.88977,12.2,106.86,37.93,3735.483134
6/15/2022,101.47,232.99976,12.27,112.93,38.65,3789.986325
6/16/2022,93.26,213.0998,11.25,106.09,37.34,3666.767502
6/17/2022,99.49,216.75978,11.23,110,36.97,3674.84136
6/21/2022,102.27,237.0364,11.46,113.82,37.73,3764.787971
6/22/2022,99.53,236.08643,11.48,115.17,37.38,3759.893112
6/23/2022,95.72,235.06976,11.56,117.67,37.41,3795.727406
6/24/2022,103.51,245.7064,12.01,122.64,38.61,3911.743851
6/27/2022,101.5,244.91975,12.04,119.82,38.63,3900.114131
6/28/2022,97.53,232.66309,11.81,113.13,37.78,3821.545859
6/29/2022,93.93,228.48975,11.52,111.87,37.29,3818.832719
6/30/2022,89.08,224.4731,11.13,107.97,37.41,3785.384846
7/1/2022,91.41,227.2631,11.32,110.97,36.34,3825.326105
7/5/2022,95.94,233.06645,11.2,120.42,36.69,3831.390402
7/6/2022,92.88,231.7331,11.06,117.06,36.99,3845.081223
7/7/2022,97.5,244.54308,11.65,120.74,38.14,3902.622495
7/8/2022,97.35,250.76309,11.62,119.8,37.99,3899.377148
7/11/2022,95.1,234.3431,11.29,108.38,37.2,3854.433263
7/12/2022,96.55,233.06976,11.56,107.99,37.21,3818.797783
7/13/2022,95.64,237.03975,11.51,101.01,37.21,3801.780627
7/14/2022,91.05,238.31308,11.39,97.35,37.71,3790.377382
7/15/2022,94.66,240.06644,11.88,99.85,38.62,3863.162827
7/18/2022,97.67,240.54642,11.96,98.92,38.71,3830.852851
7/19/2022,102.2,245.52975,12.59,102.08,40.22,3936.68953
7/20/2022,107.73,247.49974,12.73,107.09,40.56,3959.89872
7/21/2022,108.14,271.7064,13,110.85,40.61,3998.95142
7/22/2022,103.97,272.24307,12.82,106.55,39.2,3961.634881
7/25/2022,104.95,268.43307,12.84,106.1,39.16,3966.844984
7/26/2022,101.91,258.85974,12.54,100.33,38.96,3921.049611
7/27/2022,107.36,274.81973,13.19,105.91,40.18,4023.612423
7/28/2022,108.84,280.89972,14,106.22,39.71,4072.4343
7/29/2022,110.98,297.14972,14.69,103.86,36.31,4130.285774
8/1/2022,111.2,297.27637,15.34,105.39,36.96,4118.629566
8/2/2022,116.34,300.58636,15.16,108.16,36.01,4091.185103
8/3/2022,115.02,307.39633,15.69,112.97,36.52,4155.172736
8/4/2022,119.22,308.63303,15.37,112.86,35.66,4151.944184
8/5/2022,117.11,288.1697,15.3,113.85,35.39,4145.189077
8/8/2022,115.82,290.42303,15.78,114.74,35.38,4140.058351
8/9/2022,114.44,283.33304,15.19,105.29,34.52,4122.465867
8/10/2022,118.73,294.35638,15.5,112.01,35.37,4210.240513
8/11/2022,121.5,286.6297,15.83,108.06,35.59,4207.274432
8/12/2022,124.51,300.02972,16.18,109.52,36.11,4280.150528
8/15/2022,126.04,309.31967,16.32,113.23,36.34,4297.143481
8/16/2022,124.18,306.56305,16.43,109.19,36.19,4305.199324
8/17/2022,121.87,303.99634,16.03,102.38,35.78,4274.038653
8/18/2022,121.27,302.8697,16.15,103.18,36.2,4283.742822
8/19/2022,114.76,296.66638,15.88,99.5,35.38,4228.478488
8/22/2022,111.39,289.91302,15.08,97.44,33.84,4137.985374
8/23/2022,111.6,296.45303,15.32,81.32,33.95,4128.728611
8/24/2022,114.51,297.09637,15.52,83.61,33.86,4140.768431
8/25/2022,117.03,296.07,15.93,85.72,34.89,4199.119587
8/26/2022,112.82,288.09,15.41,81.41,33.36,4057.663071
8/29/2022,113.54,284.82,15.57,81,32.94,4030.612996
8/30/2022,112.56,277.7,15.45,81.42,32.26,3986.161883
8/31/2022,113.12,275.61,15.24,80.4,31.92,3954.999001
9/1/2022,113.4,277.16,15.19,81.14,31.76,3966.850262
9/2/2022,113.64,270.21,15.16,80.79,31.22,3924.25958
9/6/2022,113.7,274.42,15.03,80.02,30.36,3908.189988
9/7/2022,116.07,283.7,15.43,81.02,30.65,3979.874896
9/8/2022,118.58,289.26,15.47,80.23,30.75,4006.179117
9/9/2022,123.48,299.68,15.42,82.62,31.46,4067.362325
9/12/2022,124.79,304.42,15.54,84.08,31.56,4110.40806
9/13/2022,121.54,292.13,14.74,78.86,29.29,3932.6933
9/14/2022,126.8,302.61,14.66,79.59,29.18,3946.012382
9/15/2022,125.04,303.75,14.89,80.21,28.84,3901.352835
9/16/2022,118.75,303.35,14.72,78.68,29.24,3873.334273
9/19/2022,118.78,309.07,14.93,78.32,29.44,3899.885942
9/20/2022,116.71,308.73,13.09,77.09,28.96,3855.934321
9/21/2022,114.01,300.8,13.05,75.94,28.47,3789.932741
9/22/2022,103.72,288.59,12.77,74.54,28.07,3757.991178
9/23/2022,101.75,275.33,12.31,74.45,27.52,3693.233529
9/26/2022,103.23,276.01,11.99,73.33,26.97,3655.042215
9/27/2022,106.37,282.94,11.91,74.26,26.89,3647.289929
9/28/2022,110.69,287.81,12.18,75.89,27.13,3719.03873
9/29/2022,106.66,268.21,11.47,74.47,26.38,3640.46814
9/30/2022,105.04,265.25,11.2,73.59,25.77,3585.624104
10/3/2022,105,242.4,11.47,73.94,26.97,3678.428813
10/4/2022,110.81,249.44,12.36,77.54,27.7,3790.928857
10/5/2022,111.76,240.81,12.51,77.52,27.64,3783.281381
10/6/2022,111.58,238.13,12.36,78.35,27.18,3744.519832
10/7/2022,108.54,223.07,12.2,76.59,25.72,3639.660026
10/10/2022,110.99,222.96,11.36,73.72,25.2,3612.387488
10/11/2022,106.82,216.5,11.56,73.71,25.04,3588.841908
10/12/2022,112.35,217.24,11.54,75.22,25.33,3577.031654
10/13/2022,112.65,221.72,11.77,74.73,26.42,3669.905665
10/14/2022,109.16,204.99,11.67,72.29,25.91,3583.069115
10/17/2022,116.5,219.35,11.83,76.69,26.42,3677.953797
10/18/2022,117.94,220.19,12.03,78.23,25.87,3719.982716
10/19/2022,116.87,222.04,12.13,76.33,26,3695.155137
10/20/2022,117,207.28,11.77,79.96,26.08,3665.7803
10/21/2022,119.95,214.44,12.19,80.98,26.97,3752.747853
10/24/2022,116.39,211.25,12.48,80.61,27.18,3797.337771
10/25/2022,118.45,222.415,12.83,84.09,27.41,3859.113515
10/26/2022,115.31,224.64,12.82,83.37,27.21,3830.59586
10/27/2022,112.06,225.09,13,82.61,26.27,3807.298117
10/28/2022,115.21,228.52,13.26,84.21,29.07,3901.063797
10/31/2022,106.91,227.54,13.37,83.44,28.43,3871.977221
11/1/2022,109.05,227.82,13.4,82.89,28.3,3856.101786
11/2/2022,94.41,214.98,13.06,78.6,27.42,3759.690465
11/3/2022,92.02,215.31,13.26,78.39,27.39,3719.893285
11/4/2022,96.09,207.47,13.51,77.46,28.2,3770.546438
11/7/2022,95.46,197.08,13.7,79.61,28.41,3806.804983
11/8/2022,98.9,191.3,13.72,78.31,28.48,3828.108068
11/9/2022,95.79,177.59,13.31,71.84,27.52,3748.572551
11/10/2022,102.4,190.72,14.18,82.23,29.76,3956.370267
11/11/2022,109.57,195.97,14.5,88.32,30.43,3992.927739
11/14/2022,105.16,190.95,14.06,84.35,30.35,3957.253007
11/15/2022,107.01,194.42,14.3,87.44,30.71,3991.73333
11/16/2022,104.43,186.92,13.9,83.5,29.53,3958.793388
11/17/2022,99.3,183.17,13.91,82.59,29.89,3946.557985
11/18/2022,97.77,180.19,13.99,81.64,29.87,3965.339301
11/21/2022,95.71,167.87,13.95,80.26,28.94,3949.937176
11/22/2022,95.28,169.91,14.07,77.15,29.82,4003.578437
11/23/2022,96.63,183.2,14.03,76.14,29.67,4027.262183
11/25/2022,97.67,182.86,14.08,75.4,29.34,4026.115498
11/28/2022,95.3,182.92,13.73,71.59,28.725,3963.941853
11/29/2022,95.38,180.83,13.75,70.57,28.9,3957.625893
11/30/2022,102.14,194.7,13.9,75.43,30.07,4080.106552
12/1/2022,101.27,194.7,14.08,77.43,29.83,4076.566473
12/2/2022,101,194.86,13.86,74.31,29.41,4071.700033
12/5/2022,98.51,182.45,13.38,72.9,29.17,3998.840092
12/6/2022,93.12,179.82,13.28,71.47,28.6,3941.260014
12/7/2022,91.5,174.04,13.1,69.87,28.33,3933.923915
12/8/2022,94.83,173.44,13.12,72.36,28.44,3963.511718
12/9/2022,94.7,179.05,13.18,72.16,28.24,3934.376476
12/12/2022,95.58,167.82,13.46,73.69,28.69,3990.55748
12/13/2022,93.34,160.95,13.57,74.05,28.73,4019.654368
12/14/2022,93.93,156.8,13.48,73.22,28.26,3995.318726
12/15/2022,90.61,157.67,13.03,70.2,27.15,3895.753348
12/16/2022,89.57,150.23,12.12,69.86,26.92,3852.363593
12/19/2022,85.93,149.87,11.69,69.09,26.79,3817.658159
12/20/2022,87.62,137.8,11.47,68.56,26.44,3821.619359
12/21/2022,87.07,137.57,11.78,69.93,26.83,3878.439974
12/22/2022,84.87,125.35,11.31,65.94,25.97,3822.386685
12/23/2022,85.25,123.15,11.36,65.89,26.09,3844.815029
12/27/2022,83.49,109.1,11.2,65.46,25.94,3829.24925
12/28/2022,82.49,112.71,10.95,65.36,25.54,3783.221915
12/29/2022,85.23,121.82,11.54,68,26.21,3849.283229
12/30/2022,85.5,123.18,11.63,67.74,26.43,3839.496587
1/3/2023,84.9,108.1,11.68,66.66,26.73,3824.13818
1/4/2023,88.72,113.64,12.01,67.65,27.68,3852.965608
1/5/2023,87.71,110.34,12.25,65.62,27.56,3808.102907
1/6/2023,88.52,113.06,12.58,69.51,28.73,3895.075568
1/9/2023,89.24,119.77,12.69,70.08,29.31,3892.091025
1/10/2023,88.54,118.85,12.84,70.86,29.44,3919.25345
1/11/2023,94.44,123.22,13.22,70.01,29.85,3969.614106
1/12/2023,98.49,123.56,13.43,69.91,30.29,3983.166533
1/13/2023,100.37,122.4,12.72,69.49,30.11,3999.090836
1/17/2023,101.27,131.49,12.67,69.87,29.6,3990.970135
1/18/2023,101.11,128.78,12.41,67.48,28.81,3928.862348
1/19/2023,99.1,127.17,12.18,66.835,28.42,3898.854763
1/20/2023,101.28,133.42,12.4,69.5,29.22,3972.610453
1/23/2023,105.22,143.75,12.8,70.97,30.27,4019.814101
1/24/2023,104.13,143.89,12.74,69.43,29.92,4016.949713
1/25/2023,104.44,144.43,12.79,68.89,29.7,4016.219241
1/26/2023,109.42,160.27,12.92,71.58,30.09,4060.427351
1/27/2023,115.94,177.9,13.27,74.15,28.16,4070.558292
1/30/2023,109.48,166.66,12.89,73.5,27.95,4017.77257
1/31/2023,111.11,173.22,13.51,75,28.26,4076.603819
2/1/2023,113.99,181.41,13.79,78.11,29.07,4119.210404
2/2/2023,118.52,188.27,14.32,82.84,30.19,4179.755591
2/3/2023,118.7,189.98,13.23,79.54,30.32,4136.4816
2/6/2023,118.35,194.76,13.14,77.07,28.69,4111.080882
2/7/2023,119.69,196.81,13.45,84.66,29.05,4163.999551
2/8/2023,116.36,201.29,13.42,79.35,28.24,4117.864805
2/9/2023,114.94,207.32,13.49,76.77,27.73,4081.504615
2/10/2023,108.87,196.89,12.73,74.21,27.8,4090.461965
2/13/2023,116.42,194.64,13.09,76.48,28.55,4137.28705
2/14/2023,120.87,209.25,12.97,77.9,28.64,4136.133004
2/15/2023,137.01,214.24,12.93,80.77,28.85,4147.602929
2/16/2023,139.42,202.04,12.91,77.91,28.2,4090.409027
2/17/2023,131.6,208.31,12.89,76.11,27.61,4079.094662
2/21/2023,128.78,197.37,12.2,72.47,26.06,3997.336794
2/22/2023,127.21,200.86,12.21,73.39,25.47,3991.047655
2/23/2023,125.52,202.07,12.07,74.57,25.61,4012.323176
2/24/2023,122.78,196.88,11.88,73.93,25.14,3970.036776
2/27/2023,123.53,207.63,12.06,73.72,24.9,3982.24028
2/28/2023,123.28,205.71,12.07,74.59,24.93,3970.153442
3/1/2023,120.83,202.77,12.32,69.62,25.33,3951.394311
3/2/2023,122.38,190.9,12.55,70.63,26.2,3981.352282
3/3/2023,125.73,197.79,13.08,70.81,26.4,4045.637648
3/6/2023,126.33,193.81,12.98,71.33,25.99,4048.417815
3/7/2023,126.94,187.71,12.83,69.65,25.53,3986.372772
3/8/2023,125,182,12.98,68.91,25.98,3992.013239
3/9/2023,119.84,172.92,12.45,67.62,26.44,3918.321416
3/10/2023,118.3,173.44,12.1,67.12,27.22,3861.589908
3/13/2023,115.96,174.48,12.03,68.67,26.95,3855.76186
3/14/2023,116.36,183.26,11.93,68.99,28.01,3919.286959
3/15/2023,113.58,180.45,11.71,71.03,28.41,3891.926749
3/16/2023,119.99,184.13,11.82,70.59,30.18,3960.281132
3/17/2023,118.15,180.13,11.3,69.19,29.81,3916.637239
3/20/2023,118.4,183.25,11.18,69.3,29.16,3951.568898
3/21/2023,123.69,197.58,11.72,71.85,28.46,4002.873465
3/22/2023,121.17,191.15,11.48,68.75,28.13,3936.971392
3/23/2023,120.3,192.22,11.42,69.19,29.03,3948.72373
3/24/2023,116.92,190.41,11.51,69.04,29.36,3970.986412
3/27/2023,117.91,191.81,11.52,68.57,29.18,3977.528158
3/28/2023,116.61,189.19,11.6,68.54,29.29,3971.270193
3/29/2023,118.8,193.88,12.05,70.6,31.52,4027.811836
3/30/2023,122.28,195.28,12.29,72.04,32.09,4050.829097
3/31/2023,124.4,207.46,12.6,73.84,32.67,4109.312445
4/3/2023,121.46,194.77,12.68,73.67,32.89,4124.506033
4/4/2023,118.46,192.58,12.72,73.64,33.1,4100.598999
4/5/2023,115.34,185.52,12.43,71.1,32.83,4090.375286
4/6/2023,109.69,185.06,12.33,71.85,32.81,4105.018743
4/10/2023,112.6,184.51,12.72,71.17,32.52,4109.112376
4/11/2023,114.25,186.79,12.87,70,32.35,4108.941032
4/12/2023,112.42,180.54,12.67,67.49,32.02,4091.954122
4/13/2023,113.95,185.9,12.46,70.18,32.13,4146.216085
4/14/2023,114.65,185,12.52,69.5,31.89,4137.638735
4/17/2023,116.17,187.04,12.68,67.62,32.14,4151.322391
4/18/2023,119.19,184.31,12.73,67.27,31.83,4154.870106
4/19/2023,120.1,180.59,12.22,67.75,31.15,4154.51899
4/20/2023,118.4,162.99,11.87,65.7,30.86,4129.792369
4/21/2023,115.5,165.08,11.81,63.98,30.3,4133.52132
4/24/2023,116.12,162.55,12.16,65.8,29.66,4137.044586
4/25/2023,112.505,160.67,11.77,63.05,28.88,4071.630426
4/26/2023,113.68,153.75,11.54,61.43,29.05,4055.987783
4/27/2023,115.25,160.19,11.61,61.29,29.86,4135.352229
4/28/2023,119.67,164.31,11.88,61.43,31.06,4169.481401
5/1/2023,121.42,161.83,12.06,61.68,30.3,4167.866886
5/2/2023,120.58,160.31,11.8,61.19,29.77,4119.580445
5/3/2023,118.86,160.61,11.79,60.82,30.65,4090.752224
5/4/2023,117.63,161.2,11.56,62.22,31.24,4061.216889
5/5/2023,119.9,170.06,11.99,63.4,30.99,4136.253355
5/8/2023,125.65,171.79,12.02,62.93,30.77,4138.122979
5/9/2023,127.07,169.15,11.86,63.56,30.1,4119.173365
5/10/2023,113.19,168.54,11.89,64.43,29.97,4137.64219
5/11/2023,111.2,172.08,11.87,64.45,28.86,4130.621269
5/12/2023,105.275,167.98,11.67,63.69,28.95,4124.081022
5/15/2023,105.78,166.35,11.64,66.03,29.8,4136.284214
5/16/2023,105.41,166.52,11.25,65.99,29.22,4109.897006
5/17/2023,108.33,173.86,11.5,67.85,28.87,4158.770772
5/18/2023,111.87,176.89,11.64,69.53,29.68,4198.050949
5/19/2023,107.38,180.14,11.65,69.37,29.93,4191.979788
5/22/2023,109.93,188.87,11.63,71.41,30.28,4192.630704
5/23/2023,106.25,185.77,11.73,65.65,29.51,4145.575185
5/24/2023,105.71,182.9,11.33,62.63,29,4115.238566
5/25/2023,104.42,184.47,11.38,65.12,27.4,4151.279874
5/26/2023,106.81,193.17,12.09,66.27,29,4205.452528
5/30/2023,107.19,201.16,12.59,65.68,29.99,4205.520694
5/31/2023,109.77,203.93,12,67.13,31.44,4179.825462
6/1/2023,112.16,207.52,12.11,67.83,31.13,4221.020216
6/2/2023,118.06,213.97,12.39,67.09,31.31,4282.365573
6/5/2023,115.69,217.61,12.59,69.02,29.86,4273.794187
6/6/2023,117.3,221.31,12.93,69.5,30.96,4283.848385
6/7/2023,116.55,224.57,13.59,66.5,31.28,4267.518462
6/8/2023,115.5,234.86,13.58,66.74,31.82,4293.927769
6/9/2023,117.86,244.4,13.74,67.14,31.34,4298.857314
6/12/2023,124.59,249.83,13.78,69.18,33.07,4338.934437
6/13/2023,124.9,258.71,14.13,68.82,33.91,4369.006386
6/14/2023,125.14,256.79,14.2,68.4,35.58,4372.589443
6/15/2023,127.85,255.9,14.45,69.94,35.82,4425.844265
6/16/2023,128.68,260.54,14.42,70.06,36.37,4409.594361
6/20/2023,126.45,274.45,14.22,70.56,35,4388.709756
6/21/2023,127.46,259.46,14.02,66.93,32.9,4365.689833
6/22/2023,127.96,264.61,14.19,67.45,32.71,4381.890477
6/23/2023,124.73,256.6,14.02,66.62,33,4348.330671
6/26/2023,123.13,241.05,14.11,66.62,33.34,4328.821608
6/27/2023,127.89,250.21,14.41,68.05,34.1,4378.405324
6/28/2023,127.63,256.24,14.79,68.69,33.57,4376.863711
6/29/2023,125.1,257.5,14.95,67.6,32.91,4396.443418
6/30/2023,128.16,261.77,15.13,67.88,33.44,4450.381312
7/3/2023,132.35,279.82,15.24,68.29,33.62,4455.593876
7/5/2023,131.69,282.48,15.35,67.65,32.51,4446.824775
7/6/2023,128.16,276.54,14.98,64.69,31.97,4411.590733
7/7/2023,130.32,274.43,14.98,65.67,31.85,4398.95266
7/10/2023,131.71,269.61,15.07,67.62,32.74,4409.525804
7/11/2023,137.54,269.79,15.23,69.74,33.3,4439.256332
7/12/2023,137.02,271.99,15.22,69.8,33.98,4472.160326
7/13/2023,140.09,277.9,15.19,71.24,33.87,4510.041797
7/14/2023,143.34,281.38,14.98,70.59,33.15,4505.420339
7/17/2023,145.36,290.38,14.09,72.84,34.37,4522.7931
7/18/2023,146.53,293.34,14.17,72.28,34.5,4554.976946
7/19/2023,145.535,291.26,14.1,73.92,34.46,4565.716709
7/20/2023,145.28,262.9,14.03,69.8,33.37,4534.867554
7/21/2023,148.77,260.02,13.93,71.03,34.02,4536.338537
7/24/2023,147.62,269.06,13.96,69.51,33.63,4554.642441
7/25/2023,148.65,265.28,13.58,69.33,34.1,4567.463704
7/26/2023,150.17,264.35,13.67,71.1,34.36,4566.751717
7/27/2023,148.5,255.71,13.73,72.39,34.55,4537.411865
7/28/2023,153.33,266.44,13.26,73.08,36.83,4582.231325
7/31/2023,152.19,267.43,13.21,73.35,35.77,4588.961138
8/1/2023,148.91,261.07,13.42,72.91,35.8,4576.72915
8/2/2023,144.56,254.11,13.04,69.89,34.39,4513.393857
8/3/2023,140.88,259.32,13.1,69.89,34.87,4501.885675
8/4/2023,140.17,253.86,12.89,69.06,35.14,4478.033843
8/7/2023,143.2,251.45,12.94,68.66,35.23,4518.443364
8/8/2023,139.55,249.7,12.88,67.55,35.02,4499.37726
8/9/2023,137.87,242.19,12.73,66.55,34.28,4467.714093
8/10/2023,135.97,245.34,12.16,67.47,34.68,4468.834773
8/11/2023,133.68,242.65,12.14,66.6,34.89,4464.054563
8/14/2023,133.24,239.76,12.2,67.55,35.68,4489.718332
8/15/2023,129.85,232.96,11.98,66.06,34.77,4437.859049
8/16/2023,128.83,225.6,11.81,65.375,33.53,4404.333468
8/17/2023,127.99,219.22,11.83,65.36,32.58,4370.360064
8/18/2023,125.06,215.49,11.96,66.29,32.75,4369.711501
8/21/2023,124,231.28,11.97,67.27,33.14,4399.769101
8/22/2023,127.08,233.19,11.87,65.83,32.89,4387.5487
8/23/2023,128.13,236.86,11.96,68.17,33.98,4436.011741
8/24/2023,124.72,230.04,11.75,66.95,32.59,4376.314948
8/25/2023,125.79,238.59,11.91,67.7,33.25,4405.705731
8/28/2023,126.155,238.82,11.9,67.57,33.62,4433.305645
8/29/2023,132.25,257.18,12.05,68.81,34.31,4497.631665
8/30/2023,130.61,256.9,12.03,68.67,34.53,4514.865259
8/31/2023,131.55,258.08,12.13,71.03,35.14,4507.661792
9/1/2023,132.69,245.01,12.14,71.72,36.61,4515.767396
9/5/2023,142.29,256.49,12.09,73.28,36.71,4496.827283
9/6/2023,141.77,251.92,12.07,74,36.98,4465.484764
9/7/2023,143.27,251.49,11.96,73.68,38.18,4451.137978
9/8/2023,145.82,248.5,12.3,72.06,38.01,4457.489309
9/11/2023,147.33,273.58,12.22,71.78,38.59,4487.463862
9/12/2023,147.5,267.48,12.45,70.27,38.86,4461.904917
9/13/2023,144.715,271.3,12.64,69.84,38.71,4467.441929
9/14/2023,144.12,276.04,12.62,71.57,38.67,4505.096281
9/15/2023,142.75,274.39,12.61,71.11,37.88,4450.316283
9/18/2023,142.55,265.28,12.34,70.63,37.99,4453.533797
9/19/2023,141.85,266.5,12.56,69.34,36.34,4443.9475
9/20/2023,138.01,262.59,12.36,68.8,34.69,4402.20354
9/21/2023,132.75,255.7,12.2,68.31,34.65,4330.004854
9/22/2023,132.2,244.88,12.43,68.85,34.18,4320.057127
9/25/2023,134.14,246.99,12.58,68.65,34.29,4337.444983
9/26/2023,132.28,244.12,12.43,68.3,33.83,4273.528315
9/27/2023,134.03,240.5,12.39,67.32,34.61,4274.509414
9/28/2023,136.47,246.38,12.56,68.33,35.18,4299.701992
9/29/2023,137.21,250.22,12.42,69.94,35.55,4288.054123
10/2/2023,136.56,251.6,12.31,70.11,35.46,4288.390702
10/3/2023,127.73,246.53,12.07,68.04,35.69,4229.45303
10/4/2023,127.41,261.16,11.99,66.06,35.93,4263.751145
10/5/2023,124.99,260.05,11.9,64.52,35.89,4258.185806
10/6/2023,126.36,260.53,12,65.48,36.19,4308.502259
10/9/2023,127.77,259.67,12.07,66.1,36.06,4335.657517
10/10/2023,131.59,263.62,12.2,67.28,36.43,4358.237859
10/11/2023,130,262.99,12.25,64.82,36.88,4376.945183
10/12/2023,125.97,258.87,12,63.47,36.84,4349.605776
10/13/2023,124.08,251.12,11.81,62.75,35.97,4327.783027
10/16/2023,125.19,253.92,11.93,63.18,36.56,4373.634807
10/17/2023,125.71,254.85,12.04,63.84,36.06,4373.195988
10/18/2023,122.17,242.68,11.75,62.97,35.64,4314.600653
10/19/2023,119.97,220.11,11.53,62.36,35.67,4277.997431
10/20/2023,116.49,211.99,11.64,61.71,34.92,4224.159483
10/23/2023,120.39,212.08,11.48,61.13,33.85,4217.043389
10/24/2023,122.01,216.52,11.39,62.14,34.59,4247.676835
10/25/2023,118.5,212.42,11.54,60.35,32.83,4186.765248
10/26/2023,115.47,205.76,11.35,59.5,32.52,4137.230845
10/27/2023,114.09,207.3,9.96,59.29,35.54,4117.373828
10/30/2023,116.95,197.36,9.77,60,35.69,4166.815141
10/31/2023,118.29,200.84,9.75,59.98,36.5,4193.800955
11/1/2023,119.47,205.66,9.91,60.03,37.29,4237.855649
11/2/2023,115.5,218.51,10.14,61.28,37.7,4317.775475
11/3/2023,122.64,219.96,10.56,62.99,38.14,4358.335182
11/6/2023,118.17,219.27,10.31,61.82,37.95,4365.978018
11/7/2023,121.08,222.18,10.17,62.69,38.77,4378.379143
11/8/2023,117.66,222.11,10.05,61.83,37.92,4382.783784
11/9/2023,115.52,209.98,9.7,60.65,37.8,4347.349319
11/10/2023,118.15,214.65,9.86,62.06,38.86,4415.244691
11/13/2023,119.15,223.71,9.82,61.54,38.23,4411.55489
11/14/2023,126.68,237.41,10.4,62.77,39.41,4495.701589
11/15/2023,128.35,242.84,10.47,63.74,40.61,4502.87883
11/16/2023,126.28,233.59,10.16,63.4,43.35,4508.243496
11/17/2023,127.15,234.3,10.27,64.12,43.81,4514.017863
11/20/2023,129.7,235.6,10.34,66,44.74,4547.377486
11/21/2023,126.82,241.2,10.19,65.94,43.64,4538.191661
11/22/2023,129.04,234.21,10.26,63.83,43.67,4556.619222
11/24/2023,128.37,235.45,10.4,64.53,43.96,4559.335209
11/27/2023,129,236.08,10.34,65.55,44.08,4550.428046
11/28/2023,127.56,246.72,10.37,67.53,44.23,4554.890556
11/29/2023,126.48,244.14,10.59,67.95,44.94,4550.582317
11/30/2023,126.34,240.08,10.26,67.83,44.7,4567.798642
12/1/2023,135.02,238.83,10.58,70.29,43.74,4594.631581
12/4/2023,133.7,235.58,10.7,68.16,42.35,4569.781563
12/5/2023,133.71,238.72,10.6,68.72,41.92,4567.182974
12/6/2023,135.31,239.37,10.69,70.94,41.27,4549.337382
12/7/2023,139.84,242.64,10.82,71.93,42.15,4585.586192
12/8/2023,140.68,243.84,11.01,73.06,42.7,4604.372254
12/11/2023,142.91,239.74,11.07,72.58,44.54,4622.440774
12/12/2023,140.55,237.01,11.16,71.28,44.04,4643.701773
12/13/2023,144.51,239.29,11.24,71.22,44.57,4707.091362
12/14/2023,147.26,251.05,12.08,72.14,45.18,4719.551919
12/15/2023,146.6,253.5,12.02,71.57,46.16,4719.190649
12/18/2023,147.5,252.08,11.93,71.36,45.69,4740.556014
12/19/2023,146.91,257.22,12.02,72.42,46.66,4768.36537
12/20/2023,141.07,247.14,11.8,69.86,45.76,4698.351948
12/21/2023,142.09,254.5,12.34,71.9,47.08,4746.74564
12/22/2023,140.8,252.54,12.35,72.5,48,4754.631447
12/26/2023,138.72,256.61,12.45,74.21,50.5,4774.750596
12/27/2023,136.55,261.44,12.39,73.73,50.76,4781.578804
12/28/2023,137,253.18,12.34,73.09,50.39,4783.347381
12/29/2023,136.14,248.48,12.19,71.91,50.25,4769.829411
1/2/2024,134.48,248.42,12.16,69.15,47.8,4742.829488
1/3/2024,133.42,238.45,11.71,67.17,47.05,4704.811089
1/4/2024,133.72,237.93,11.68,66.9,46.87,4688.676011
1/5/2024,135.98,237.49,11.85,66.96,46.89,4697.24494
1/8/2024,140.08,240.45,11.97,68.39,48.45,4763.537277
1/9/2024,139.53,234.96,11.84,68.31,48.05,4756.496539
1/10/2024,139.76,233.94,11.83,68.18,47.47,4783.449117
1/11/2024,139.45,227.22,11.71,68.5,47.64,4780.242468
1/12/2024,137.14,218.89,11.46,70.46,47.12,4783.831067
1/16/2024,135.02,219.91,11.46,69.1,47.06,4765.976022
1/17/2024,134.98,215.55,11.27,67.95,46.06,4739.208141
1/18/2024,137.04,211.88,10.99,67.32,46.74,4780.937648
1/19/2024,139.93,212.19,11.2,69.04,48.15,4839.811424
1/22/2024,142.01,208.8,11.2,69.59,48.22,4850.425674
1/23/2024,142.3,209.14,11.37,69.63,48.89,4864.596718
1/24/2024,141.19,207.83,11.03,69.04,49.09,4868.553921
1/25/2024,142.11,182.63,11.34,67.42,49.55,4894.155578
1/26/2024,149.62,183.25,11.39,67.74,43.65,4890.970513
1/29/2024,152.7,190.93,11.55,68.93,43.84,4927.928815
1/30/2024,149.44,191.59,11.78,67.18,42.92,4924.973893
1/31/2024,144.14,187.29,11.72,64.61,43.08,4845.647176
2/1/2024,146.49,188.86,12.1,64.85,43.36,4906.194044
2/2/2024,146.55,187.91,12.14,64.27,42.6,4958.613892
2/5/2024,144.78,181.06,11.59,63.69,42.77,4942.805883
2/6/2024,144.53,185.1,12.07,63.6,42.74,4954.230505
2/7/2024,147.55,187.58,12.8,63.88,42.78,4995.055847
2/8/2024,150.54,189.56,12.83,63.9,42.5,4997.905368
2/9/2024,147.595,193.57,12.68,65.7,43.31,5026.608575
2/12/2024,153.8,188.13,12.98,64.48,44.03,5021.844476
2/13/2024,150.82,184.02,12.68,63.66,43.16,4953.167955
2/14/2024,148.2,188.71,12.56,64.14,44.19,5000.620073
2/15/2024,157.69,200.45,12.52,64.04,44.05,5029.734713
2/16/2024,152.51,199.95,12.3,62.12,43.51,5005.568451
2/20/2024,148.15,193.76,12.25,61.32,44.52,4975.511267
2/21/2024,149.24,194.77,12.14,61.35,43.47,4981.796998
2/22/2024,155.26,197.41,12.12,62.12,42.98,5087.032433
2/23/2024,152.66,191.97,12.14,63.4,42.99,5088.799948
2/26/2024,149.27,199.4,11.95,63.12,42.99,5069.530514
2/27/2024,152.06,199.73,12,68.17,42.73,5078.182518
2/28/2024,153.43,202.04,12.3,69.62,41.99,5069.756506
2/29/2024,157.47,201.88,12.44,70.73,43.05,5096.2695
3/1/2024,159.72,202.64,12.45,70.91,43.82,5137.083799
3/4/2024,158.09,188.14,12.74,69.71,45.61,5130.949153
3/5/2024,159.33,180.74,12.58,66.49,43.16,5078.653996
3/6/2024,163.87,176.54,12.38,66.42,44.51,5104.757159
3/7/2024,163.54,178.65,12.41,67.03,46.15,5157.359283
3/8/2024,164.91,175.34,12.18,67.16,44,5123.691092
3/11/2024,162.99,177.77,12.11,69.68,44.86,5117.936755
3/12/2024,166.67,177.54,12.11,69.88,45.24,5175.267617
3/13/2024,164.76,169.48,12.37,68.44,43.23,5165.311853
3/14/2024,166.44,162.5,12.08,67.26,42.75,5150.479919
3/15/2024,160.64,163.57,12.06,65.96,42.64,5117.088217
3/18/2024,161.86,173.8,12.18,66.23,42.71,5149.417467
3/19/2024,161.79,171.32,12.3,66.53,42.05,5178.509256
3/20/2024,164.71,175.66,12.9,66.86,42.2,5224.623236
3/21/2024,168.18,172.82,12.92,66.54,42.42,5241.532797
3/22/2024,167.86,170.83,12.91,65.96,42.57,5234.18006
3/25/2024,167.99,172.63,12.9,66.71,41.83,5218.186625
3/26/2024,167.39,177.67,12.44,66.35,41.99,5203.584203
3/27/2024,166.41,179.83,13.06,66.62,43.77,5248.493133
3/28/2024,164.96,175.79,13.28,65.37,44.17,5254.354401
4/1/2024,163.37,175.22,13.29,64.73,44.52,5243.772947
4/2/2024,160.11,166.63,13.28,63.78,43.94,5205.811086
4/3/2024,159.34,168.38,13.65,63.22,40.33,5211.486091
4/4/2024,158.84,171.11,13.21,63.28,39.73,5147.20898
4/5/2024,161.77,164.9,13.28,62.94,38.71,5204.335137
4/8/2024,160.27,172.98,13.41,63.01,37.98,5202.39193
4/9/2024,162.66,176.88,13.54,63.85,38.33,5209.910837
4/10/2024,160.28,171.76,13.06,62.22,37.2,5160.639787
4/11/2024,165.42,174.6,13.04,62.52,37.63,5199.056773
4/12/2024,159.37,171.05,12.61,61.63,35.69,5123.406822
4/15/2024,155.6,161.48,12.23,60.24,36.31,5061.815525
4/16/2024,156.66,157.11,12.09,59.28,36.26,5051.413945
4/17/2024,158.37,155.45,12.04,59.08,35.68,5022.208038
4/18/2024,160.1,149.93,12.06,59.94,35.04,5011.122755
4/19/2024,155.01,147.05,12.14,59.45,34.2,4967.234896
4/22/2024,156.61,142.05,12.88,59.54,34.41,5010.604645
4/23/2024,160.95,144.68,12.94,61.62,34.28,5070.551227
4/24/2024,162.84,162.13,12.95,61.65,34.5,5071.628471
4/25/2024,163.01,170.18,13.04,61.04,35.11,5048.415712
4/26/2024,164.23,168.29,12.79,62,31.88,5099.962451
4/29/2024,162.25,194.05,12.75,63.32,31.36,5116.167558
4/30/2024,158.57,183.28,12.15,61.1,30.47,5035.691678
5/1/2024,156.16,179.99,12.2,61.61,30.37,5018.385
5/2/2024,158.33,180.01,12.49,62.83,30.51,5064.19527
5/3/2024,159.71,181.19,12.43,61.82,30.9,5127.786627
5/6/2024,162,184.76,12.5,61.82,30.97,5180.740692
5/7/2024,159.81,177.81,12.17,62.14,30.68,5187.697862
5/8/2024,157.9,174.72,12.15,61.23,30,5187.670738
5/9/2024,147.05,171.97,12.13,61.13,30.09,5214.081425
5/10/2024,146.32,168.47,11.99,61.97,29.85,5222.675366
5/13/2024,149.13,171.89,12.33,63.11,30.51,5221.415635
5/14/2024,146.7,177.55,12.44,63.53,31.05,5246.680518
5/15/2024,145.8,173.99,12.31,63.81,31.27,5308.149592
5/16/2024,147.19,174.84,12.38,63.96,32.03,5297.098455
5/17/2024,145.66,177.46,12.28,64.16,31.83,5303.269661
5/20/2024,146.37,174.95,12.15,64.09,32.1,5308.132267
5/21/2024,144.1,186.6,12.15,63.86,31.74,5321.412019
5/22/2024,142.71,180.11,12.03,64.38,31.42,5307.005223
5/23/2024,141.04,173.74,12.11,62.42,30.08,5267.838066
5/24/2024,144.47,179.24,12.16,63.01,30.72,5304.717602
5/28/2024,147.01,176.75,11.68,62.06,31.06,5306.044475
5/29/2024,146.61,176.19,11.56,61.36,30.13,5266.949358
5/30/2024,145.52,178.79,11.77,60.53,30.19,5235.477262
5/31/2024,144.93,178.08,12.13,61.34,30.85,5277.507345
6/3/2024,146.25,176.29,12.19,61.73,30.29,5283.396867
6/4/2024,147.08,174.77,12.03,61.53,30.03,5291.335406
6/5/2024,145.78,175,12.07,62.09,30.78,5354.028646
6/6/2024,147,177.94,12.07,63.11,30.42,5352.962239
6/7/2024,146.66,177.48,12.15,62.84,30.74,5346.988068
6/10/2024,148.07,173.79,12.38,62.96,30.91,5360.788492
6/11/2024,147.75,170.66,12.11,62.85,30.92,5375.316185
6/12/2024,149.32,177.29,12.08,60.52,30.76,5421.025849
6/13/2024,146.1,182.47,11.94,57.94,30.46,5433.743196
6/14/2024,145.97,178.01,11.71,57.74,30.45,5431.60165
6/17/2024,149.5,187.44,11.85,56.95,30.98,5473.23315
6/18/2024,147.29,184.86,11.78,56.21,30.63,5487.026491
6/20/2024,147.88,181.57,11.94,58.31,30.62,5473.168794
6/21/2024,149.57,183.01,11.84,58.88,31.09,5464.621341
6/24/2024,148.39,182.58,12.23,57.81,30.57,5447.87265
6/25/2024,150.91,187.35,12.09,57.79,30.74,5469.29743
6/26/2024,150,196.37,12.11,57.54,30.54,5477.90362
6/27/2024,151.61,197.42,12.23,58.47,30.59,5482.871785
6/28/2024,151.63,197.88,12.54,59.19,30.97,5460.482621
7/1/2024,151.63,209.86,12.76,59.21,30.84,5475.08835
7/2/2024,154.34,231.26,12.87,58.34,31.07,5509.011108
7/3/2024,152.73,246.39,12.87,58.63,31.23,5537.019133
7/5/2024,152.5,251.52,12.84,58.26,32.02,5567.190392
7/8/2024,151.96,252.94,12.98,57.4,33.99,5572.850204
7/9/2024,152.45,262.33,12.9,56.88,34.59,5576.9845
7/10/2024,151.84,263.26,13.17,56,34.87,5633.912213
7/11/2024,146,241.03,13.47,56.6,33.5,5584.544334
7/12/2024,146.78,248.23,14.03,57.58,34.49,5615.348759
7/15/2024,147.22,252.64,14.23,58.325,34.46,5631.216042
7/16/2024,151.26,256.56,14.39,59.16,34.34,5667.197692
7/17/2024,148,248.5,14.48,59.1,34.46,5588.27169
7/18/2024,146.88,249.23,14.55,59.15,34.87,5544.593237
7/19/2024,147.99,239.2,13.98,58.87,32.98,5505.003094
7/22/2024,150.18,251.51,14.12,58.64,33.37,5564.412886
7/23/2024,148.75,246.38,13.83,59.42,32.95,5555.743671
7/24/2024,144.23,215.99,13.67,58.16,31.7,5427.127677
7/25/2024,140.03,220.25,11.16,59.61,31.1,5399.222479
7/26/2024,140.1,219.8,11.19,60.09,31.35,5459.0974
7/29/2024,140.29,232.1,11.01,60.32,30.83,5463.538474
7/30/2024,138.99,222.62,10.84,61.05,30.13,5436.444101
7/31/2024,139.56,232.07,10.82,60.4,30.74,5522.301837
8/1/2024,135.09,216.86,10.69,58.97,29.05,5446.684317
8/2/2024,128.23,207.67,10.03,58.49,21.48,5346.563258
8/5/2024,125.31,198.88,9.71,55.63,20.11,5186.330412
8/6/2024,130.47,200.64,9.78,55.83,19.83,5240.026147
8/7/2024,113.01,191.76,9.77,55.72,18.99,5199.499968
8/8/2024,114.64,198.84,10.13,56.21,20.49,5319.30812
8/9/2024,115.08,200,10.1,56.38,19.71,5344.164356
8/12/2024,113.62,197.49,9.86,55.32,19.36,5344.385204
8/13/2024,116.9,207.83,10.14,56.65,20.47,5434.432828
8/14/2024,116.24,201.38,10.18,57,19.92,5455.211997
8/15/2024,118.88,214.14,10.46,57.85,20.69,5543.218234
8/16/2024,116.31,216.12,10.51,58.07,20.87,5554.251063
8/19/2024,119.14,222.72,10.72,59.82,21.52,5608.24726
8/20/2024,117.38,221.1,10.68,59.13,20.99,5597.124817
8/21/2024,117.68,223.27,10.85,60.23,21.41,5620.852715
8/22/2024,115.45,210.66,10.92,68.04,20.1,5570.644574
8/23/2024,116.85,220.32,11.27,70.14,20.54,5634.605847
8/26/2024,115.71,213.21,11.11,71.32,20.13,5616.835853
8/27/2024,116.74,209.21,11.14,71.9,20.07,5625.801961
8/28/2024,117.53,205.75,11.04,70.69,19.61,5592.177212
8/29/2024,116.6,206.28,11.11,69.94,20.13,5591.963722
8/30/2024,117.31,214.11,11.19,69.08,22.04,5648.397236
9/3/2024,114.98,210.6,10.98,68.83,20.1,5528.933403
9/4/2024,115.21,219.41,10.95,68.19,19.43,5520.067822
9/5/2024,116.16,230.17,10.77,67.23,19.4,5503.408569
9/6/2024,114.28,210.73,10.58,67.18,18.89,5408.422144
9/9/2024,116.36,216.27,10.66,66.59,19.07,5471.051447
9/10/2024,115.12,226.17,10.32,66.7,18.98,5495.51941
9/11/2024,115.96,228.13,10.45,67.3,19.64,5554.132422
9/12/2024,117.36,229.81,10.62,66.55,19.36,5595.763489
9/13/2024,117.75,230.29,10.69,67.59,19.66,5626.018601
9/16/2024,117.55,226.78,10.8,67.62,20.91,5633.087776
9/17/2024,122.12,227.87,10.9,68.11,21.47,5634.580444
9/18/2024,122.42,227.2,10.98,66.04,20.77,5618.259025
9/19/2024,128.75,243.92,10.92,66.91,21.14,5713.641088
9/20/2024,131.18,238.25,10.88,67.53,21.84,5702.54762
9/23/2024,129.03,250,10.91,68.79,22.56,5718.566489
9/24/2024,131.48,254.27,10.87,69.43,22.81,5732.927345
9/25/2024,130.71,257.02,10.42,67.95,23.54,5722.260603
9/26/2024,129.25,254.22,10.68,68.9,23.92,5745.366089
9/27/2024,128.25,260.46,10.78,69.55,23.91,5738.171783
9/30/2024,126.81,261.63,10.56,69.74,23.46,5762.484883
10/1/2024,125.47,258.02,10.75,68.64,22.69,5708.751478
10/2/2024,126.18,249.02,10.48,67.61,22.39,5709.539443
10/3/2024,125.29,240.66,10.45,67.21,22.26,5699.941754
10/4/2024,129.85,250.08,10.57,68.66,22.59,5751.068196
10/7/2024,130.23,240.83,10.49,68.16,22.38,5695.943419
10/8/2024,132.5,244.5,10.49,68.32,23.32,5751.132891
10/9/2024,135.49,241.05,10.62,69.97,23.46,5792.041482
10/10/2024,132.81,238.77,10.68,70.85,23.22,5780.051291
10/11/2024,134.4,217.8,10.72,70.68,23.56,5815.033409
10/14/2024,134.79,219.16,10.92,67.89,23.44,5859.85015
10/15/2024,133.27,219.57,10.84,68.42,22.66,5815.259935
10/16/2024,135.15,221.33,11.03,68.93,22.31,5842.474524
10/17/2024,136.02,220.89,11.07,70.2,22.44,5841.472412
10/18/2024,136.45,220.7,11.1,70.52,22.77,5864.667913
10/21/2024,137.19,218.85,10.88,72.17,22.84,5853.982232
10/22/2024,135.59,217.97,11.11,72.22,22.4,5851.202363
10/23/2024,131.92,213.65,11.06,72.54,21.98,5797.422588
10/24/2024,132.75,260.48,11.24,72.66,22.34,5809.859218
10/25/2024,134.58,269.19,11.07,72.63,22.68,5808.117006
10/28/2024,135.78,262.51,11.37,73.85,22.92,5823.517749
10/29/2024,137.78,259.52,10.41,75.5,22.9,5832.917048
10/30/2024,136.5,257.55,10.47,74.78,22.3,5813.669702
10/31/2024,134.79,249.85,10.29,74.74,21.52,5705.447921
11/1/2024,136.46,248.98,10.22,75.6,23.2,5728.801361
11/4/2024,136.87,242.84,10.36,75.54,22.52,5712.688336
11/5/2024,137.82,251.44,10.6,77.75,23.32,5782.75581
11/6/2024,140.91,288.53,11.19,79.69,25.05,5929.044238
11/7/2024,147.37,296.91,10.96,80.19,26.23,5973.103159
11/8/2024,134.61,321.22,10.97,81.46,26.2,5995.537343
11/11/2024,137.4,350,11.23,85.58,25.05,6001.346991
11/12/2024,133.2,328.49,11.1,86.32,24.16,5983.989864
11/13/2024,132.76,330.24,11.1,85.04,24.92,5985.378014
11/14/2024,134.56,311.18,11.07,82.63,25.03,5949.170922
11/15/2024,132.5,320.72,11.01,81.14,24.35,5870.616408
11/18/2024,132.19,338.74,11.21,78.93,24.84,5893.623452
11/19/2024,131.44,346,11.05,77.75,24.2,5916.97735
11/20/2024,135.25,342.03,10.73,78.86,24.01,5917.111052
11/21/2024,133.26,339.64,10.8,81.2,24.44,5948.70722
11/22/2024,137.34,352.56,11.18,85.88,24.5,5969.343085
11/25/2024,140.93,338.59,11.4,89.03,24.87,5987.366353
11/26/2024,139.67,338.23,11.1,83.41,24.05,6021.632593
11/27/2024,138.28,332.89,11.1,85.36,23.65,5998.738053
11/29/2024,136.11,345.16,11.13,82.69,24.05,6032.384412
12/2/2024,137.49,357.09,10.98,83.11,23.93,6047.145844
12/3/2024,137.46,351.42,10.82,82.63,22.47,6049.881754
12/4/2024,139.07,357.93,10.74,83.65,21.96,6086.487255
12/5/2024,136.32,369.49,10.44,83.36,20.8,6075.10707
12/6/2024,136.92,389.22,10.51,86.22,20.92,6090.270469
12/9/2024,137.27,389.79,10.6,85.58,20.81,6052.848556
12/10/2024,138.3,400.99,10.56,83.83,20.16,6034.912281
12/11/2024,138.84,424.77,10.41,86.59,20.12,6084.189487
12/12/2024,137.47,418.1,10.39,87.05,20.78,6051.247301
12/13/2024,130.95,436.23,10.39,83.79,20.34,6051.092024
12/16/2024,132.2,463.02,9.99,83.8,20.83,6074.083466
12/17/2024,132.24,479.86,9.97,84.6,20.44,6050.610543
12/18/2024,127.54,440.13,9.69,82.05,19.3,5872.159849
12/19/2024,129.35,436.17,9.74,84.05,19.06,5867.076994
12/20/2024,134.21,421.06,9.88,85.6,19.52,5930.850137
12/23/2024,134.52,430.6,9.9,85.27,20.2,5974.073069
12/24/2024,134.99,462.28,10.02,85.67,20.4,6040.035577
12/26/2024,135.32,454.13,10.07,85.44,20.44,6037.590858
12/27/2024,133.385,431.66,10.03,83.82,20.3,5970.837644
12/30/2024,131.81,417.41,9.88,82.73,19.82,5906.9356
12/31/2024,131.41,403.84,9.9,81.61,20.05,5881.627648
1/2/2025,131.48,379.28,9.65,81.58,20.22,5868.551318
1/3/2025,135.71,410.44,9.88,82.7,20.56,5942.472499
1/6/2025,135.2,411.05,9.92,82.34,19.87,5975.375533
1/7/2025,131.29,394.36,9.76,80.45,20.01,5909.03075
1/8/2025,130.8,394.94,9.74,79.9,19.88,5918.247831
1/10/2025,129.63,394.74,9.65,79.46,19.15,5827.044434
1/13/2025,128.85,403.31,9.71,78.82,19.2,5836.21787
1/14/2025,127.6,396.36,9.78,79.2,19.2,5842.910741
1/15/2025,132.52,428.22,9.95,80.26,19.72,5949.911118
1/16/2025,132.16,413.82,10.01,79.44,19.67,5937.340487
1/17/2025,135.12,426.5,10.18,78.07,21.49,5996.664745
1/21/2025,133.07,424.07,10.43,78.54,21.77,6049.242083
1/22/2025,132.5,415.11,10.03,79.28,21.86,6086.36963
1/23/2025,133.24,412.38,10.16,80.01,21.57,6118.706346
1/24/2025,127.09,406.58,10.12,80.17,20.83,6101.242927
1/27/2025,128.96,397.15,10.38,82,20.29,6012.276924
1/28/2025,131.05,398.09,10.08,88.64,19.8,6067.699492
1/29/2025,132.58,389.1,10.21,87.2,19.75,6039.311498
1/30/2025,131.79,400.28,10.16,87.29,20.01,6071.174542
1/31/2025,131.17,404.6,10.08,86.94,19.43,6040.525934
2/3/2025,129.78,383.68,9.89,86.12,19.38,5994.567355
2/4/2025,130.74,392.21,10.16,86.18,19.29,6037.877189
2/5/2025,129.6,378.17,10.01,85.99,19.65,6061.480754
2/6/2025,132.57,374.32,9.26,86.69,19.38,6083.568126
2/7/2025,134.98,361.62,9.24,86.12,19.1,6025.992489
2/10/2025,135.24,350.73,9.24,87.1,19.77,6066.442542
2/11/2025,134.52,328.5,9.21,83.82,20.97,6068.503777
2/12/2025,140.52,336.51,9.23,83.05,22.48,6051.967813
2/13/2025,141.04,355.94,9.35,85.16,24.13,6115.071568
2/14/2025,161.42,355.84,9.48,85.1,23.6,6114.631467
2/18/2025,160.6,354.11,9.29,85.2,27.39,6129.584031
2/19/2025,157.98,360.56,9.34,85.17,25.72,6144.152036
2/20/2025,155.31,354.4,9.39,83.45,26.09,6117.520742
2/21/2025,146.07,337.8,9.28,82.5,24.87,6013.12786
2/24/2025,144.82,330.53,9.35,81.1,24.27,5983.24685
2/25/2025,141.55,302.8,9.42,74.22,22.99,5955.252427
2/26/2025,144.03,290.8,9.47,74.15,23.52,5956.05869
2/27/2025,139.45,281.95,9.29,72.88,23.09,5861.573578
2/28/2025,138.87,292.98,9.55,73.7,23.73,5954.504827
3/3/2025,140.98,284.65,9.39,74.31,22.74,5849.719423
3/4/2025,141.42,272.04,9.12,74.93,21.33,5778.149188
3/5/2025,142.58,279.1,9.65,75.6,20.81,5842.625488
3/6/2025,134.77,263.45,9.61,75.48,20.75,5738.51871
3/7/2025,134.39,262.67,9.9,75.98,20.64,5770.195608
3/10/2025,132.15,222.15,9.96,73.47,19.93,5614.563553
3/11/2025,125.44,230.58,9.69,73.15,19.78,5572.069922
3/12/2025,126.55,248.09,9.59,73.95,20.68,5599.300262
3/13/2025,119.38,240.68,9.53,72.23,23.7,5521.5193
3/14/2025,122.86,249.98,9.73,74.2,24.05,5638.940169
3/17/2025,126.94,238.01,9.92,75.16,25.69,5675.117322
3/18/2025,124.56,225.31,9.95,75.45,25.92,5614.662009
3/19/2025,126,235.86,10.17,76.26,24.12,5675.287167
3/20/2025,126.15,236.26,10.01,76.03,23.96,5662.890527
3/21/2025,128.8,248.71,10,75.97,24.26,5667.564272
3/24/2025,129.82,278.39,10.25,78.2,24.22,5767.567102
3/25/2025,129.88,288.14,10.29,78.13,24.2,5776.651294
3/26/2025,128.64,272.06,10.3,77.78,23.42,5712.203435
3/27/2025,125.65,273.13,9.9,76.78,23.62,5693.312654
3/28/2025,120.69,263.55,9.72,74.84,22.71,5580.943584
3/31/2025,119.46,259.16,10.03,73.77,22.71,5611.852607
4/1/2025,121.18,268.46,9.94,74.02,22.05,5633.069687
4/2/2025,122.8,282.76,10.15,75.04,21.98,5670.973623
4/3/2025,113.97,267.28,9.54,73.25,22.43,5396.516798
4/4/2025,106.66,239.43,9.58,67.75,19.85,5074.075632
4/7/2025,106.3,233.29,9.24,68.05,19.57,5062.24552
4/8/2025,105.69,221.86,8.69,66.7,18.13,4982.770313
4/9/2025,121.32,272.2,9.5,71.83,21.53,5456.900692
4/10/2025,113.91,252.4,9.14,69.61,19.88,5268.054376
4/11/2025,114.54,252.31,9.33,71.34,19.74,5363.35948
4/14/2025,113.22,252.35,9.71,71.98,20.31,5405.971189
4/15/2025,114.64,254.11,9.45,72.4,19.85,5396.634682
4/16/2025,112.64,241.55,9.4,71.2,19.23,5275.701055
4/17/2025,112.7,241.37,9.63,71.49,18.93,5282.701017
4/21/2025,111.61,227.5,9.47,70.49,18.84,5158.202685
4/22/2025,114.91,237.97,9.65,71.735,19.51,5287.763008
4/23/2025,118.28,250.74,9.78,72.83,20.59,5375.863825
4/24/2025,121.71,259.51,10.06,75.49,21.49,5484.773805
4/25/2025,122.51,284.95,10.04,76.03,20.05,5525.205117
4/28/2025,123.3,285.88,10.02,76.16,20.51,5528.745744
4/29/2025,125.49,292.03,10.15,77.55,20.34,5560.827013
4/30/2025,121.92,282.16,10.01,77.54,20.1,5569.064675
5/1/2025,124.01,280.52,10.18,77.25,19.98,5604.141334
5/2/2025,125.26,287.21,10.28,78.23,20.62,5686.674827
5/5/2025,124.89,280.26,10.17,78.23,20.27,5650.381674
5/6/2025,121.67,275.35,10.44,78.05,19.94,5606.906802
5/7/2025,123.12,276.22,10.28,78.64,20.31,5631.284311
5/8/2025,126.39,284.82,10.28,80.25,21,5663.939309
5/9/2025,127.04,298.26,10.43,81.31,21.42,5659.912251
5/12/2025,134.21,318.38,10.55,82.67,22.18,5844.186691
5/13/2025,138.05,334.07,10.6,83.18,22.56,5886.552808
5/14/2025,137.45,347.68,10.65,83.27,21.52,5892.584489
5/15/2025,136.79,342.82,10.75,83.85,21.55,5916.926078
5/16/2025,138,349.98,10.8,84.62,21.66,5958.375528
5/19/2025,136.6,342.09,10.75,83.31,21.38,5963.604353
5/20/2025,132.13,343.82,10.72,83.1,21.27,5940.463745
5/21/2025,127.52,334.62,10.48,82.27,20.69,5844.612127
5/22/2025,127.65,341.04,10.44,82.07,20.55,5842.008308
5/23/2025,126.72,339.34,10.36,79.28,20.05,5802.815084
5/27/2025,129.4,362.89,10.31,78.9,20.55,5921.540355
5/28/2025,128.67,356.9,10.17,79.67,20.37,5888.552585
5/29/2025,128.36,358.43,10.22,79.94,20.25,5912.172723
5/30/2025,129,346.46,10.38,81.25,19.55,5911.686723
6/2/2025,129.62,342.69,9.98,81.27,19.74,5935.940963
6/3/2025,132.9,344.27,10.19,80.98,20.29,5970.368245
6/4/2025,133.51,332.05,10.24,80.68,20.25,5970.81324
6/5/2025,137.29,284.7,10.1,81.33,19.99,5939.303324
6/6/2025,140.64,295.14,10.26,80.35,20.06,6000.355135
6/9/2025,139.01,308.58,10.34,80.26,20.48,6005.883459
6/10/2025,138.56,326.09,10.6,79.41,22.08,6038.805791
6/11/2025,138.06,326.43,10.66,78.16,20.68,6022.241207
6/12/2025,138.81,319.11,10.53,77.41,20.77,6045.255673
6/13/2025,135.54,325.31,10.43,76.63,20.14,5976.965873
6/16/2025,137.21,329.13,10.62,77.87,20.74,6033.106295
6/17/2025,133.37,316.35,10.42,77.9,20.8,5982.716993
6/18/2025,132.17,322.05,10.43,77.48,21.49,5980.865499
6/20/2025,131.73,322.16,10.59,77.99,21.08,5967.839502
6/23/2025,130.53,348.68,10.75,77.27,21.19,6025.174038
6/24/2025,132.15,340.47,10.73,76.45,22.55,6092.181053
6/25/2025,129.67,327.55,10.48,76.62,22.2,6092.161374
6/26/2025,133.72,325.78,10.63,76.96,22.5,6141.019277
6/27/2025,134.52,323.63,10.8,78.38,22.69,6173.073566
6/30/2025,132.34,317.66,10.85,77.98,22.4,6204.953952
7/1/2025,135.41,300.71,11.35,77.57,22.85,6198.006946
7/2/2025,135.39,315.65,11.77,77.59,21.88,6227.419692
7/3/2025,136.49,315.35,11.81,78.58,22.49,6279.350974
7/7/2025,137,293.94,11.59,77.17,22,6229.977461
7/8/2025,136.99,297.81,11.68,77.42,23.59,6225.523407
7/9/2025,136.85,295.88,11.83,77.38,23.44,6263.264379
7/10/2025,137,309.87,11.91,75.05,23.82,6280.458298
7/11/2025,135.35,313.51,11.78,73.4,23.43,6259.746443
7/14/2025,138.57,316.9,11.88,74.83,23.3,6268.559014
7/15/2025,136.54,310.78,11.57,74.73,22.92,6243.755709
7/16/2025,136.71,321.67,11.24,74.44,22.69,6263.695242
7/17/2025,139.3,319.41,11.15,74.6,22.8,6297.361909
7/18/2025,139.34,329.65,11.16,74.85,23.1,6296.789041
7/21/2025,138.07,328.49,11.31,74.48,23.26,6305.595181
7/22/2025,139.43,332.11,11.19,75.21,23.24,6309.623679
7/23/2025,139.83,332.56,11.38,76.05,23.49,6358.91379
7/24/2025,141.62,305.3,11.26,75.63,22.63,6363.349299
7/25/2025,141.31,316.06,11.47,74.82,20.7,6388.6445
7/28/2025,142.16,325.59,11.28,75.39,20.68,6389.766484
7/29/2025,136.84,321.2,11.08,74.51,20.41,6370.861296
7/30/2025,134.75,319.04,10.87,74.24,20.34,6362.89876
7/31/2025,132.41,308.27,11.07,74.05,19.8,6339.394567
8/1/2025,128.02,302.63,10.82,70.97,19.31,6238.00657
8/4/2025,130.96,309.26,10.95,72.06,19.5,6329.9395
8/5/2025,129.96,308.72,11.06,71.7,20.19,6299.193955
8/6/2025,130.5,319.91,11.21,73.17,20.41,6345.059543
8/7/2025,120.03,322.27,11.28,71.6,19.77,6339.997728
8/8/2025,121.02,329.65,11.32,71.57,19.95,6389.44531
8/11/2025,118.3,339.03,11.14,69.77,20.65,6373.453366
8/12/2025,121.61,340.84,11.25,69.96,21.81,6445.762196
8/13/2025,124.55,339.38,11.44,72.39,22.22,6466.584687
8/14/2025,124.64,335.58,11.44,71.86,23.86,6468.535189
8/15/2025,125.1,330.56,11.44,73.14,24.56,6449.796584
8/18/2025,125.49,335.16,11.46,73.64,23.66,6449.149154
8/19/2025,126,329.31,11.58,72.19,25.31,6411.374587
8/20/2025,124.96,323.9,11.49,72.16,23.54,6395.781187
8/21/2025,126.43,320.11,11.33,73.17,23.5,6370.172672
8/22/2025,129.92,340.01,11.74,82.47,24.8,6466.912974
8/25/2025,128.15,346.6,11.82,81.35,24.55,6439.319881
8/26/2025,126.89,351.67,11.84,78.81,24.35,6465.935277
8/27/2025,129.85,349.6,11.91,80.96,24.85,6481.403188
8/28/2025,130.46,345.98,11.71,80.83,24.93,6501.859425
8/29/2025,130.53,333.87,11.77,81.42,24.35,6460.262667
9/2/2025,127.59,329.36,11.72,81.935,24.21,6415.541344
9/3/2025,124.9,334.09,11.62,83.49,24,6448.260851
9/4/2025,125.37,338.53,11.68,82.79,24.61,6502.082917
9/5/2025,123.81,350.84,11.74,83.68,24.49,6481.49553
9/8/2025,124.62,346.4,11.69,85.08,24.48,6495.154829
9/9/2025,123.81,346.97,11.49,85.62,24.44,6512.61075
9/10/2025,123.41,347.79,11.42,83.77,24.77,6532.043344
9/11/2025,123.05,368.81,11.76,84.75,24.61,6587.470875
9/12/2025,122.55,395.94,11.68,83.98,24.08,6584.285019
9/15/2025,120.37,410.04,11.68,84.63,24.77,6615.276763
9/16/2025,121.66,421.62,11.61,85.2,25.27,6606.755937
9/17/2025,123.2,425.86,11.66,86.3,24.9,6600.347087
9/18/2025,125.47,416.85,11.74,86.83,30.57,6631.962891
9/19/2025,127.04,426.07,11.62,84.16,29.58,6664.364797
9/22/2025,125.44,434.21,11.66,83.53,28.76,6693.753337
9/23/2025,123.5,425.85,11.73,82.58,29.34,6656.919876
9/24/2025,123.08,442.79,11.63,83.01,31.22,6637.973668
9/25/2025,121.75,423.39,11.62,83.99,33.99,6604.717239
9/26/2025,123.7,440.4,12.01,84.51,35.5,6643.697545
9/29/2025,122.92,443.21,12.09,83.6,34.48,6661.20733
9/30/2025,121.42,444.72,11.96,82.5,33.55,6688.459037
10/1/2025,122.32,459.46,12.27,81.28,35.94,6711.203911
10/2/2025,121.49,436,12.22,82.24,37.3,6715.346295
10/3/2025,120.22,429.83,12.67,80.96,36.83,6715.789262
10/6/2025,120.35,453.25,12.7,81.03,36.59,6740.281364
10/7/2025,119.85,433.09,11.92,79.49,37.17,6714.587921
10/8/2025,119.99,438.69,11.74,79.85,37.43,6753.717067
10/9/2025,120.15,435.54,11.5,82.7,37.8,6735.110791
10/10/2025,118.19,413.49,11.41,80.28,36.37,6552.513248
10/13/2025,118.86,435.9,11.54,79.17,37.22,6654.719087
10/14/2025,122.89,429.24,11.65,79.32,35.63,6644.308398
10/15/2025,124.26,435.15,11.76,79.51,37.15,6671.058283
10/16/2025,122.89,428.75,11.74,79.83,36.84,6629.07423
10/17/2025,125.91,439.31,11.92,80.01,37.01,6664.01098
10/20/2025,127.21,447.43,11.99,81.91,38.1,6735.126511
10/21/2025,128.56,442.6,12.56,83.61,38.12,6735.351496
10/22/2025,127.5,438.97,12.43,82.01,36.92,6699.402398
10/23/2025,127.35,448.98,12.34,82.79,38.16,6738.437709
10/24/2025,127.99,433.72,13.84,84.28,38.28,6791.693812
10/27/2025,129.07,452.42,13.26,85.17,39.54,6875.156888
10/28/2025,128.01,460.55,13.13,84.89,41.53,6890.888369
10/29/2025,126.48,461.51,13.24,83.32,41.34,6890.587048
10/30/2025,126.34,440.1,13.06,84.34,40.16,6822.340334
10/31/2025,126.54,456.56,13.13,87.23,39.99,6840.198741
11/3/2025,126.8,468.37,13.01,86.28,39.5,6851.966659
11/4/2025,122.35,444.26,12.79,83.83,37.03,6771.547493
11/5/2025,122.5,462.07,13.11,83.57,38.38,6796.289426
11/6/2025,120.53,445.91,13.12,82.22,37.24,6720.32015
11/7/2025,120.88,429.52,13.21,81.69,38.13,6728.801109
11/10/2025,120.2,445.23,13.16,83.16,38.45,6832.430161
11/11/2025,122.53,439.62,13.3,84.59,37.88,6846.614231
11/12/2025,121.69,430.6,13.45,84.7,37.89,6850.916484
11/13/2025,121.19,401.99,13.28,84.04,35.91,6737.488721
11/14/2025,122.02,404.35,13.19,84.22,35.52,6734.110669
11/17/2025,117.6,408.92,12.88,81.86,34.71,6672.411634
11/18/2025,115.42,401.25,13.02,81.31,34.33,6617.320061
11/19/2025,114.44,403.99,12.9,80.71,35.11,6642.158508
11/20/2025,111.54,395.23,12.41,78.42,33.62,6538.762671
11/21/2025,114.26,391.09,12.83,78.63,34.5,6602.986332
11/24/2025,114.41,417.78,12.96,78.6,35.79,6705.117087
11/25/2025,118.56,419.4,13.17,86.34,35.83,6765.875972
11/26/2025,116.74,426.58,13.19,84.43,36.81,6812.613091
11/28/2025,116.99,430.17,13.28,84.96,40.56,6849.087372
12/1/2025,118.8,430.14,13.16,84.94,40.01,6812.625854
12/2/2025,118.5,429.24,12.96,84.56,43.47,6829.370577
12/3/2025,120.13,446.74,13.09,85.64,43.76,6849.722715
12/4/2025,120.82,454.53,13.14,86.58,40.5,6857.119694
12/5/2025,124.32,455,13.03,87.65,41.41,6870.404211
12/8/2025,122.01,439.58,13.14,89.09,40.3,6846.506167
12/9/2025,125.39,445.17,13.08,87.63,40.5,6840.50962
12/10/2025,127.57,451.45,13.41,88.05,40.78,6886.682988
12/11/2025,128,446.89,13.63,90.24,39.51,6900.99519
12/12/2025,128.39,458.96,13.76,89.52,37.81,6827.406464
12/15/2025,131.81,475.31,13.65,86.54,37.51,6816.508303
12/16/2025,132.01,489.88,13.67,87.91,37.31,6800.257216
12/17/2025,133.78,467.26,13.31,88.75,36.05,6721.429548
12/18/2025,133.99,483.37,13.32,89.38,36.28,6774.75757
12/19/2025,135.28,481.2,13.47,89.82,36.82,6834.496186
12/22/2025,136.95,488.73,13.46,89.99,36.37,6878.489476
12/23/2025,136.49,485.56,13.29,87.16,36.35,6909.792066
12/24/2025,136.78,485.4,13.36,87.79,36.16,6932.049176
12/26/2025,136.82,475.19,13.31,88.04,36.2,6929.936122
12/29/2025,136.62,459.64,13.28,86.33,36.68,6905.744054
12/30/2025,136.91,454.43,13.23,86.3,37.3,6896.241738
12/31/2025,135.72,449.72,13.12,86.29,36.9,6845.504706
1/2/2026,133.01,438.07,13.34,83.32,39.38,6858.472313
1/5/2026,135.87,451.67,13.47,86.53,39.37,6902.050848
1/6/2026,138.02,432.96,13.8,85.76,40.04,6944.819215
1/7/2026,137.04,431.41,13.74,86.63,42.63,6920.929256
1/8/2026,138.66,435.8,14.4,85.65,41.11,6921.457086
1/9/2026,139.27,445.01,14.2,85.18,45.55,6966.283923
1/12/2026,138.51,448.96,14.03,86.75,44.06,6977.265025
1/13/2026,140.07,447.2,13.98,83.19,47.29,6963.735097
1/14/2026,132.79,439.2,13.84,82.76,48.72,6926.596145
1/15/2026,132.6,438.57,13.81,81.52,48.32,6944.471882
1/16/2026,130.66,437.5,13.6,80.96,46.96,6940.009507
1/20/2026,130.73,419.25,13.28,81.32,48.56,6796.860812
1/21/2026,133.59,431.44,13.77,81.18,54.25,6875.615269
1/22/2026,133.8,449.36,13.71,84.65,54.32,6913.352043
1/23/2026,132.15,449.06,13.56,85.78,45.07,6915.610646
1/26/2026,133.39,435.2,13.44,95.46,42.49,6950.232197
1/27/2026,132.22,430.9,13.93,94.44,43.93,6978.596928
1/28/2026,131.55,431.46,13.82,96.22,48.78,6978.029391
1/29/2026,131.77,416.56,14,92.58,48.66,6969.006891
1/30/2026,129.37,430.41,13.88,92.1,46.47,6939.02952
2/2/2026,131.31,421.81,13.81,92.865,48.81,6976.444181
2/3/2026,122.075,421.96,13.73,88.73,49.25,6917.811704
2/4/2026,124.61,406.01,13.82,90.83,48.6,6882.721111
2/5/2026,121.27,397.21,13.72,89.08,48.24,6798.399477
2/6/2026,122.18,411.11,13.8,92.2,50.59,6932.297669
2/9/2026,121.31,417.32,13.59,95.39,50.24,6964.819848
2/10/2026,120.32,425.21,13.57,94.99,47.13,6941.812513
2/11/2026,119.55,428.27,13.85,92.15,48.29,6941.471014
2/12/2026,115.96,417.07,14,92.24,46.48,6832.761468
2/13/2026,121.35,417.44,14.12,92.6,46.79,6836.172091
2/17/2026,124.23,410.63,14.13,88.65,46.18,6843.223259
2/18/2026,124.27,411.32,13.85,91.12,45.46,6881.314559
2/19/2026,125.81,411.71,13.78,90.96,44.62,6861.892814
2/20/2026,127.89,411.82,14.01,90.29,44.11,6909.506624
2/23/2026,122.96,399.83,13.64,86.06,43.63,6837.754523
2/24/2026,125.66,409.38,14.2,87.51,46.12,6890.072309
2/25/2026,132.02,417.4,14.43,85.43,46.88,6946.126691
2/26/2026,136.97,408.58,14.41,75.54,45.46,6908.864683
2/27/2026,135.11,402.51,14.09,73.94,45.61,6878.878499
3/2/2026,133.26,403.32,13.39,72.72,45.5,6881.620083
3/3/2026,133.04,392.43,12.7,73.5,43.1,6816.627034
3/4/2026,135.54,405.94,12.81,78.02,45.58,6869.502436
3/5/2026,135.85,405.55,12.34,77.33,45.95,6830.708067
3/6/2026,133.23,396.73,12.15,77.5,43.42,6740.023428
3/9/2026,134.03,398.68,12.19,77.06,45.58,6795.991868
3/10/2026,132.44,399.235,12.24,76.38,46.78,6781.481926
3/11/2026,133.39,407.82,12.11,76.05,47.98,6775.804321
3/12/2026,127.7,395.01,12.04,74.94,45.25,6672.618041
3/13/2026,126.3,391.2,11.67,74.1,45.77,6632.191535
3/16/2026,128.32,395.56,11.71,74.96,45.76,6699.383328
3/17/2026,131.95,399.27,11.94,75.99,44.06,6716.092507
3/18/2026,131.13,392.78,11.79,76.43,45.03,6624.695164
3/19/2026,130.79,380.3,11.64,76.74,46.18,6606.49454
3/20/2026,128.52,367.96,11.52,76.61,43.87,6506.478914
3/23/2026,132.59,380.85,11.76,77.95,44.01,6581.000211
3/24/2026,130,383.03,11.84,75.98,44.06,6556.371138
3/25/2026,131.81,385.95,11.67,78.11,47.18,6591.900593
3/26/2026,131.06,372.11,11.6,79.32,44.1,6477.164632
3/27/2026,122.87,361.83,11.37,77.71,43.13,6368.853069
3/30/2026,123.1,355.28,11.21,78.68,41.19,6343.724831
3/31/2026,126.28,371.75,11.54,80.39,44.13,6528.517384
4/1/2026,125.19,381.26,11.68,80.7,48.03,6575.315931
4/2/2026,124.95,360.59,11.6,82.36,50.38,6582.686756
4/6/2026,126.81,352.82,11.61,82.68,50.78,6611.830412
4/7/2026,124.97,346.65,11.52,84.02,52.91,6616.850835
4/8/2026,131.4,343.25,12.18,83.23,58.95,6782.811673
4/9/2026,129.16,345.62,12.24,84.03,61.72,6824.65727
4/10/2026,128.96,348.95,12.13,79.24,62.38,6816.891925
4/13/2026,130.32,352.42,12.16,82.8,65.18,6886.24
